id,kind,title,abstract,org,year,status,url,source,is_synthetic
SYN-00001,paper,Novel rare earth alloy and cathode materials for battery and magnet applications,This paper describes a rare earth alloy and cathode materials for battery and magnet applications. Results indicate higher recovery and lower energy use than conventional routes.,IIT Madras,2016,Published,,SYNTHETIC-DEMO,True
SYN-00002,patent,Improved froth flotation and magnetic separation process for beneficiation of rare earth ore,This patent describes a froth flotation and magnetic separation process for beneficiation of rare earth ore. Results indicate higher recovery and lower energy use than conventional routes.,NFTDC,2017,Published,,SYNTHETIC-DEMO,True
SYN-00003,paper,Novel nickel alloy and cathode materials for battery and magnet applications,This paper describes a nickel alloy and cathode materials for battery and magnet applications. Results indicate higher recovery and lower energy use than conventional routes.,IIT (ISM) Dhanbad,2022,Published,,SYNTHETIC-DEMO,True
SYN-00004,paper,Improved geochemical survey and remote sensing approach for lithium exploration,This paper describes a geochemical survey and remote sensing approach for lithium exploration. Results indicate higher recovery and lower energy use than conventional routes.,IIT (ISM) Dhanbad,2020,Published,,SYNTHETIC-DEMO,True
SYN-00005,patent,Selective open-pit mining planning method for nickel ore bodies,This patent describes a open-pit mining planning method for nickel ore bodies. Results indicate higher recovery and lower energy use than conventional routes.,CSIR-NML,2016,Under examination,,SYNTHETIC-DEMO,True
SYN-00006,patent,Energy-efficient open-pit mining planning method for graphite ore bodies,This patent describes a open-pit mining planning method for graphite ore bodies. Results indicate higher recovery and lower energy use than conventional routes.,IIT (ISM) Dhanbad,2024,Under examination,,SYNTHETIC-DEMO,True
SYN-00007,paper,Scalable geochemical survey and remote sensing approach for rare earth exploration,This paper describes a geochemical survey and remote sensing approach for rare earth exploration. Results indicate higher recovery and lower energy use than conventional routes.,CSIR-NML,2020,Published,,SYNTHETIC-DEMO,True
SYN-00008,patent,Scalable hydrometallurgy route using acid leaching and solvent extraction for cobalt refining,This patent describes a hydrometallurgy route using acid leaching and solvent extraction for cobalt refining. Results indicate higher recovery and lower energy use than conventional routes.,NFTDC,2024,Published,,SYNTHETIC-DEMO,True
SYN-00009,paper,Improved hydrometallurgy route using acid leaching and solvent extraction for rare earth refining,This paper describes a hydrometallurgy route using acid leaching and solvent extraction for rare earth refining. Results indicate higher recovery and lower energy use than conventional routes.,CSIR-NML,2015,Published,,SYNTHETIC-DEMO,True
SYN-00010,paper,Energy-efficient froth flotation and magnetic separation process for beneficiation of vanadium ore,This paper describes a froth flotation and magnetic separation process for beneficiation of vanadium ore. Results indicate higher recovery and lower energy use than conventional routes.,CSIR-IMMT,2018,Published,,SYNTHETIC-DEMO,True
SYN-00011,project,Selective graphite alloy and cathode materials for battery and magnet applications,This project describes a graphite alloy and cathode materials for battery and magnet applications. Results indicate higher recovery and lower energy use than conventional routes.,IIT (ISM) Dhanbad,2021,Ongoing,,SYNTHETIC-DEMO,True
SYN-00012,paper,Novel lithium alloy and cathode materials for battery and magnet applications,This paper describes a lithium alloy and cathode materials for battery and magnet applications. Results indicate higher recovery and lower energy use than conventional routes.,IIT Kharagpur,2021,Published,,SYNTHETIC-DEMO,True
SYN-00013,patent,Improved lithium alloy and cathode materials for battery and magnet applications,This patent describes a lithium alloy and cathode materials for battery and magnet applications. Results indicate higher recovery and lower energy use than conventional routes.,IISc Bangalore,2021,Published,,SYNTHETIC-DEMO,True
SYN-00014,project,Improved geochemical survey and remote sensing approach for lithium exploration,This project describes a geochemical survey and remote sensing approach for lithium exploration. Results indicate higher recovery and lower energy use than conventional routes.,KABIL,2022,Ongoing,,SYNTHETIC-DEMO,True
SYN-00015,paper,Selective hydrometallurgy route using acid leaching and solvent extraction for cobalt refining,This paper describes a hydrometallurgy route using acid leaching and solvent extraction for cobalt refining. Results indicate higher recovery and lower energy use than conventional routes.,CSIR-IMMT,2018,Published,,SYNTHETIC-DEMO,True
SYN-00016,paper,Novel geochemical survey and remote sensing approach for vanadium exploration,This paper describes a geochemical survey and remote sensing approach for vanadium exploration. Results indicate higher recovery and lower energy use than conventional routes.,KABIL,2024,Published,,SYNTHETIC-DEMO,True
SYN-00017,paper,Low-cost lithium alloy and cathode materials for battery and magnet applications,This paper describes a lithium alloy and cathode materials for battery and magnet applications. Results indicate higher recovery and lower energy use than conventional routes.,IISc Bangalore,2020,Published,,SYNTHETIC-DEMO,True
SYN-00018,project,Low-cost hydrometallurgy route using acid leaching and solvent extraction for lithium refining,This project describes a hydrometallurgy route using acid leaching and solvent extraction for lithium refining. Results indicate higher recovery and lower energy use than conventional routes.,KABIL,2021,Ongoing,,SYNTHETIC-DEMO,True
SYN-00019,paper,Scalable cobalt alloy and cathode materials for battery and magnet applications,This paper describes a cobalt alloy and cathode materials for battery and magnet applications. Results indicate higher recovery and lower energy use than conventional routes.,NFTDC,2021,Published,,SYNTHETIC-DEMO,True
SYN-00020,project,Scalable froth flotation and magnetic separation process for beneficiation of graphite ore,This project describes a froth flotation and magnetic separation process for beneficiation of graphite ore. Results indicate higher recovery and lower energy use than conventional routes.,NMDC R&D Centre,2013,Ongoing,,SYNTHETIC-DEMO,True
SYN-00021,paper,Low-cost lithium alloy and cathode materials for battery and magnet applications,This paper describes a lithium alloy and cathode materials for battery and magnet applications. Results indicate higher recovery and lower energy use than conventional routes.,IISc Bangalore,2023,Published,,SYNTHETIC-DEMO,True
SYN-00022,patent,Low-cost geochemical survey and remote sensing approach for lithium exploration,This patent describes a geochemical survey and remote sensing approach for lithium exploration. Results indicate higher recovery and lower energy use than conventional routes.,IIT (ISM) Dhanbad,2025,Granted,,SYNTHETIC-DEMO,True
SYN-00023,paper,Low-cost hydrometallurgy route using acid leaching and solvent extraction for nickel refining,This paper describes a hydrometallurgy route using acid leaching and solvent extraction for nickel refining. Results indicate higher recovery and lower energy use than conventional routes.,NFTDC,2018,Published,,SYNTHETIC-DEMO,True
SYN-00024,patent,Scalable geochemical survey and remote sensing approach for lithium exploration,This patent describes a geochemical survey and remote sensing approach for lithium exploration. Results indicate higher recovery and lower energy use than conventional routes.,CSIR-NML,2023,Granted,,SYNTHETIC-DEMO,True
SYN-00025,paper,Low-cost graphite alloy and cathode materials for battery and magnet applications,This paper describes a graphite alloy and cathode materials for battery and magnet applications. Results indicate higher recovery and lower energy use than conventional routes.,CSIR-NML,2021,Published,,SYNTHETIC-DEMO,True
SYN-00026,patent,Improved froth flotation and magnetic separation process for beneficiation of lithium ore,This patent describes a froth flotation and magnetic separation process for beneficiation of lithium ore. Results indicate higher recovery and lower energy use than conventional routes.,IIT Bombay,2021,Published,,SYNTHETIC-DEMO,True
SYN-00027,patent,Energy-efficient geochemical survey and remote sensing approach for rare earth exploration,This patent describes a geochemical survey and remote sensing approach for rare earth exploration. Results indicate higher recovery and lower energy use than conventional routes.,IIT (ISM) Dhanbad,2025,Under examination,,SYNTHETIC-DEMO,True
SYN-00028,patent,Scalable recycling process for lithium recovery from spent batteries and e-waste,This patent describes a recycling process for lithium recovery from spent batteries and e-waste. Results indicate higher recovery and lower energy use than conventional routes.,CSIR-IMMT,2025,Abandoned,,SYNTHETIC-DEMO,True
SYN-00029,patent,Scalable hydrometallurgy route using acid leaching and solvent extraction for cobalt refining,This patent describes a hydrometallurgy route using acid leaching and solvent extraction for cobalt refining. Results indicate higher recovery and lower energy use than conventional routes.,NFTDC,2022,Granted,,SYNTHETIC-DEMO,True
SYN-00030,project,Novel lithium alloy and cathode materials for battery and magnet applications,This project describes a lithium alloy and cathode materials for battery and magnet applications. Results indicate higher recovery and lower energy use than conventional routes.,IIT (ISM) Dhanbad,2016,Completed,,SYNTHETIC-DEMO,True
SYN-00031,paper,Improved lithium alloy and cathode materials for battery and magnet applications,This paper describes a lithium alloy and cathode materials for battery and magnet applications. Results indicate higher recovery and lower energy use than conventional routes.,IIT Madras,2024,Published,,SYNTHETIC-DEMO,True
SYN-00032,patent,Selective open-pit mining planning method for graphite ore bodies,This patent describes a open-pit mining planning method for graphite ore bodies. Results indicate higher recovery and lower energy use than conventional routes.,IIT Madras,2022,Published,,SYNTHETIC-DEMO,True
SYN-00033,patent,Novel froth flotation and magnetic separation process for beneficiation of cobalt ore,This patent describes a froth flotation and magnetic separation process for beneficiation of cobalt ore. Results indicate higher recovery and lower energy use than conventional routes.,BARC,2022,Published,,SYNTHETIC-DEMO,True
SYN-00034,patent,Improved froth flotation and magnetic separation process for beneficiation of graphite ore,This patent describes a froth flotation and magnetic separation process for beneficiation of graphite ore. Results indicate higher recovery and lower energy use than conventional routes.,IIT Kharagpur,2021,Published,,SYNTHETIC-DEMO,True
SYN-00035,paper,Low-cost geochemical survey and remote sensing approach for nickel exploration,This paper describes a geochemical survey and remote sensing approach for nickel exploration. Results indicate higher recovery and lower energy use than conventional routes.,CSIR-IMMT,2021,Published,,SYNTHETIC-DEMO,True
SYN-00036,patent,Selective open-pit mining planning method for lithium ore bodies,This patent describes a open-pit mining planning method for lithium ore bodies. Results indicate higher recovery and lower energy use than conventional routes.,IIT Madras,2025,Published,,SYNTHETIC-DEMO,True
SYN-00037,patent,Energy-efficient open-pit mining planning method for rare earth ore bodies,This patent describes a open-pit mining planning method for rare earth ore bodies. Results indicate higher recovery and lower energy use than conventional routes.,NMDC R&D Centre,2024,Published,,SYNTHETIC-DEMO,True
SYN-00038,paper,Improved rare earth alloy and cathode materials for battery and magnet applications,This paper describes a rare earth alloy and cathode materials for battery and magnet applications. Results indicate higher recovery and lower energy use than conventional routes.,KABIL,2019,Published,,SYNTHETIC-DEMO,True
SYN-00039,paper,Novel hydrometallurgy route using acid leaching and solvent extraction for lithium refining,This paper describes a hydrometallurgy route using acid leaching and solvent extraction for lithium refining. Results indicate higher recovery and lower energy use than conventional routes.,BARC,2023,Published,,SYNTHETIC-DEMO,True
SYN-00040,project,Low-cost hydrometallurgy route using acid leaching and solvent extraction for rare earth refining,This project describes a hydrometallurgy route using acid leaching and solvent extraction for rare earth refining. Results indicate higher recovery and lower energy use than conventional routes.,IISc Bangalore,2025,Completed,,SYNTHETIC-DEMO,True
SYN-00041,paper,Improved open-pit mining planning method for rare earth ore bodies,This paper describes a open-pit mining planning method for rare earth ore bodies. Results indicate higher recovery and lower energy use than conventional routes.,IIT Kharagpur,2023,Published,,SYNTHETIC-DEMO,True
SYN-00042,paper,Energy-efficient lithium alloy and cathode materials for battery and magnet applications,This paper describes a lithium alloy and cathode materials for battery and magnet applications. Results indicate higher recovery and lower energy use than conventional routes.,IISc Bangalore,2019,Published,,SYNTHETIC-DEMO,True
SYN-00043,patent,Improved graphite alloy and cathode materials for battery and magnet applications,This patent describes a graphite alloy and cathode materials for battery and magnet applications. Results indicate higher recovery and lower energy use than conventional routes.,IIT (ISM) Dhanbad,2015,Granted,,SYNTHETIC-DEMO,True
SYN-00044,patent,Improved graphite alloy and cathode materials for battery and magnet applications,This patent describes a graphite alloy and cathode materials for battery and magnet applications. Results indicate higher recovery and lower energy use than conventional routes.,IIT Kharagpur,2014,Abandoned,,SYNTHETIC-DEMO,True
SYN-00045,paper,Novel froth flotation and magnetic separation process for beneficiation of nickel ore,This paper describes a froth flotation and magnetic separation process for beneficiation of nickel ore. Results indicate higher recovery and lower energy use than conventional routes.,CSIR-IMMT,2016,Published,,SYNTHETIC-DEMO,True
SYN-00046,patent,Selective geochemical survey and remote sensing approach for nickel exploration,This patent describes a geochemical survey and remote sensing approach for nickel exploration. Results indicate higher recovery and lower energy use than conventional routes.,CSIR-NML,2018,Under examination,,SYNTHETIC-DEMO,True
SYN-00047,project,Scalable vanadium alloy and cathode materials for battery and magnet applications,This project describes a vanadium alloy and cathode materials for battery and magnet applications. Results indicate higher recovery and lower energy use than conventional routes.,CSIR-NML,2017,Ongoing,,SYNTHETIC-DEMO,True
SYN-00048,patent,Improved open-pit mining planning method for nickel ore bodies,This patent describes a open-pit mining planning method for nickel ore bodies. Results indicate higher recovery and lower energy use than conventional routes.,NMDC R&D Centre,2024,Published,,SYNTHETIC-DEMO,True
SYN-00049,patent,Novel recycling process for lithium recovery from spent batteries and e-waste,This patent describes a recycling process for lithium recovery from spent batteries and e-waste. Results indicate higher recovery and lower energy use than conventional routes.,IREL,2024,Under examination,,SYNTHETIC-DEMO,True
SYN-00050,patent,Energy-efficient open-pit mining planning method for graphite ore bodies,This patent describes a open-pit mining planning method for graphite ore bodies. Results indicate higher recovery and lower energy use than conventional routes.,IIT Bombay,2014,Abandoned,,SYNTHETIC-DEMO,True
SYN-00051,paper,Selective open-pit mining planning method for vanadium ore bodies,This paper describes a open-pit mining planning method for vanadium ore bodies. Results indicate higher recovery and lower energy use than conventional routes.,IREL,2020,Published,,SYNTHETIC-DEMO,True
SYN-00052,patent,Low-cost froth flotation and magnetic separation process for beneficiation of lithium ore,This patent describes a froth flotation and magnetic separation process for beneficiation of lithium ore. Results indicate higher recovery and lower energy use than conventional routes.,BARC,2024,Granted,,SYNTHETIC-DEMO,True
SYN-00053,paper,Improved rare earth alloy and cathode materials for battery and magnet applications,This paper describes a rare earth alloy and cathode materials for battery and magnet applications. Results indicate higher recovery and lower energy use than conventional routes.,IIT Kharagpur,2023,Published,,SYNTHETIC-DEMO,True
SYN-00054,patent,Selective graphite alloy and cathode materials for battery and magnet applications,This patent describes a graphite alloy and cathode materials for battery and magnet applications. Results indicate higher recovery and lower energy use than conventional routes.,CSIR-IMMT,2025,Published,,SYNTHETIC-DEMO,True
SYN-00055,paper,Selective hydrometallurgy route using acid leaching and solvent extraction for vanadium refining,This paper describes a hydrometallurgy route using acid leaching and solvent extraction for vanadium refining. Results indicate higher recovery and lower energy use than conventional routes.,KABIL,2017,Published,,SYNTHETIC-DEMO,True
SYN-00056,paper,Scalable hydrometallurgy route using acid leaching and solvent extraction for cobalt refining,This paper describes a hydrometallurgy route using acid leaching and solvent extraction for cobalt refining. Results indicate higher recovery and lower energy use than conventional routes.,IIT Bombay,2024,Published,,SYNTHETIC-DEMO,True
SYN-00057,patent,Selective hydrometallurgy route using acid leaching and solvent extraction for nickel refining,This patent describes a hydrometallurgy route using acid leaching and solvent extraction for nickel refining. Results indicate higher recovery and lower energy use than conventional routes.,IISc Bangalore,2023,Published,,SYNTHETIC-DEMO,True
SYN-00058,paper,Energy-efficient hydrometallurgy route using acid leaching and solvent extraction for rare earth refining,This paper describes a hydrometallurgy route using acid leaching and solvent extraction for rare earth refining. Results indicate higher recovery and lower energy use than conventional routes.,KABIL,2014,Published,,SYNTHETIC-DEMO,True
SYN-00059,paper,Low-cost hydrometallurgy route using acid leaching and solvent extraction for lithium refining,This paper describes a hydrometallurgy route using acid leaching and solvent extraction for lithium refining. Results indicate higher recovery and lower energy use than conventional routes.,IIT Bombay,2021,Published,,SYNTHETIC-DEMO,True
SYN-00060,patent,Low-cost open-pit mining planning method for graphite ore bodies,This patent describes a open-pit mining planning method for graphite ore bodies. Results indicate higher recovery and lower energy use than conventional routes.,NMDC R&D Centre,2023,Under examination,,SYNTHETIC-DEMO,True
SYN-00061,paper,Improved hydrometallurgy route using acid leaching and solvent extraction for nickel refining,This paper describes a hydrometallurgy route using acid leaching and solvent extraction for nickel refining. Results indicate higher recovery and lower energy use than conventional routes.,IISc Bangalore,2022,Published,,SYNTHETIC-DEMO,True
SYN-00062,patent,Scalable froth flotation and magnetic separation process for beneficiation of rare earth ore,This patent describes a froth flotation and magnetic separation process for beneficiation of rare earth ore. Results indicate higher recovery and lower energy use than conventional routes.,IREL,2023,Under examination,,SYNTHETIC-DEMO,True
SYN-00063,paper,Selective cobalt alloy and cathode materials for battery and magnet applications,This paper describes a cobalt alloy and cathode materials for battery and magnet applications. Results indicate higher recovery and lower energy use than conventional routes.,IIT Madras,2020,Published,,SYNTHETIC-DEMO,True
SYN-00064,paper,Energy-efficient hydrometallurgy route using acid leaching and solvent extraction for nickel refining,This paper describes a hydrometallurgy route using acid leaching and solvent extraction for nickel refining. Results indicate higher recovery and lower energy use than conventional routes.,CSIR-IMMT,2022,Published,,SYNTHETIC-DEMO,True
SYN-00065,patent,Novel hydrometallurgy route using acid leaching and solvent extraction for lithium refining,This patent describes a hydrometallurgy route using acid leaching and solvent extraction for lithium refining. Results indicate higher recovery and lower energy use than conventional routes.,NFTDC,2025,Published,,SYNTHETIC-DEMO,True
SYN-00066,patent,Energy-efficient vanadium alloy and cathode materials for battery and magnet applications,This patent describes a vanadium alloy and cathode materials for battery and magnet applications. Results indicate higher recovery and lower energy use than conventional routes.,IIT (ISM) Dhanbad,2017,Granted,,SYNTHETIC-DEMO,True
SYN-00067,patent,Low-cost lithium alloy and cathode materials for battery and magnet applications,This patent describes a lithium alloy and cathode materials for battery and magnet applications. Results indicate higher recovery and lower energy use than conventional routes.,IIT Madras,2020,Published,,SYNTHETIC-DEMO,True
SYN-00068,patent,Selective hydrometallurgy route using acid leaching and solvent extraction for nickel refining,This patent describes a hydrometallurgy route using acid leaching and solvent extraction for nickel refining. Results indicate higher recovery and lower energy use than conventional routes.,IIT Kharagpur,2019,Under examination,,SYNTHETIC-DEMO,True
SYN-00069,patent,Low-cost hydrometallurgy route using acid leaching and solvent extraction for rare earth refining,This patent describes a hydrometallurgy route using acid leaching and solvent extraction for rare earth refining. Results indicate higher recovery and lower energy use than conventional routes.,NFTDC,2023,Granted,,SYNTHETIC-DEMO,True
SYN-00070,patent,Improved lithium alloy and cathode materials for battery and magnet applications,This patent describes a lithium alloy and cathode materials for battery and magnet applications. Results indicate higher recovery and lower energy use than conventional routes.,IIT (ISM) Dhanbad,2022,Published,,SYNTHETIC-DEMO,True
SYN-00071,project,Energy-efficient open-pit mining planning method for rare earth ore bodies,This project describes a open-pit mining planning method for rare earth ore bodies. Results indicate higher recovery and lower energy use than conventional routes.,IIT Kharagpur,2017,Ongoing,,SYNTHETIC-DEMO,True
SYN-00072,patent,Improved hydrometallurgy route using acid leaching and solvent extraction for rare earth refining,This patent describes a hydrometallurgy route using acid leaching and solvent extraction for rare earth refining. Results indicate higher recovery and lower energy use than conventional routes.,NFTDC,2015,Published,,SYNTHETIC-DEMO,True
SYN-00073,paper,Low-cost hydrometallurgy route using acid leaching and solvent extraction for vanadium refining,This paper describes a hydrometallurgy route using acid leaching and solvent extraction for vanadium refining. Results indicate higher recovery and lower energy use than conventional routes.,IISc Bangalore,2023,Published,,SYNTHETIC-DEMO,True
SYN-00074,patent,Low-cost open-pit mining planning method for nickel ore bodies,This patent describes a open-pit mining planning method for nickel ore bodies. Results indicate higher recovery and lower energy use than conventional routes.,IIT Bombay,2022,Published,,SYNTHETIC-DEMO,True
SYN-00075,patent,Novel lithium alloy and cathode materials for battery and magnet applications,This patent describes a lithium alloy and cathode materials for battery and magnet applications. Results indicate higher recovery and lower energy use than conventional routes.,NFTDC,2016,Published,,SYNTHETIC-DEMO,True
SYN-00076,paper,Improved hydrometallurgy route using acid leaching and solvent extraction for lithium refining,This paper describes a hydrometallurgy route using acid leaching and solvent extraction for lithium refining. Results indicate higher recovery and lower energy use than conventional routes.,IISc Bangalore,2016,Published,,SYNTHETIC-DEMO,True
SYN-00077,project,Improved open-pit mining planning method for graphite ore bodies,This project describes a open-pit mining planning method for graphite ore bodies. Results indicate higher recovery and lower energy use than conventional routes.,IREL,2025,Ongoing,,SYNTHETIC-DEMO,True
SYN-00078,project,Scalable open-pit mining planning method for rare earth ore bodies,This project describes a open-pit mining planning method for rare earth ore bodies. Results indicate higher recovery and lower energy use than conventional routes.,CSIR-NML,2024,Ongoing,,SYNTHETIC-DEMO,True
SYN-00079,project,Energy-efficient graphite alloy and cathode materials for battery and magnet applications,This project describes a graphite alloy and cathode materials for battery and magnet applications. Results indicate higher recovery and lower energy use than conventional routes.,IIT Madras,2022,Completed,,SYNTHETIC-DEMO,True
SYN-00080,paper,Scalable froth flotation and magnetic separation process for beneficiation of rare earth ore,This paper describes a froth flotation and magnetic separation process for beneficiation of rare earth ore. Results indicate higher recovery and lower energy use than conventional routes.,IIT Kharagpur,2012,Published,,SYNTHETIC-DEMO,True
SYN-00081,patent,Low-cost graphite alloy and cathode materials for battery and magnet applications,This patent describes a graphite alloy and cathode materials for battery and magnet applications. Results indicate higher recovery and lower energy use than conventional routes.,NFTDC,2014,Published,,SYNTHETIC-DEMO,True
SYN-00082,project,Low-cost hydrometallurgy route using acid leaching and solvent extraction for vanadium refining,This project describes a hydrometallurgy route using acid leaching and solvent extraction for vanadium refining. Results indicate higher recovery and lower energy use than conventional routes.,CSIR-NML,2022,Ongoing,,SYNTHETIC-DEMO,True
SYN-00083,patent,Low-cost open-pit mining planning method for rare earth ore bodies,This patent describes a open-pit mining planning method for rare earth ore bodies. Results indicate higher recovery and lower energy use than conventional routes.,IIT Madras,2024,Under examination,,SYNTHETIC-DEMO,True
SYN-00084,patent,Low-cost lithium alloy and cathode materials for battery and magnet applications,This patent describes a lithium alloy and cathode materials for battery and magnet applications. Results indicate higher recovery and lower energy use than conventional routes.,CSIR-NML,2024,Published,,SYNTHETIC-DEMO,True
SYN-00085,patent,Novel nickel alloy and cathode materials for battery and magnet applications,This patent describes a nickel alloy and cathode materials for battery and magnet applications. Results indicate higher recovery and lower energy use than conventional routes.,IIT (ISM) Dhanbad,2017,Granted,,SYNTHETIC-DEMO,True
SYN-00086,patent,Low-cost nickel alloy and cathode materials for battery and magnet applications,This patent describes a nickel alloy and cathode materials for battery and magnet applications. Results indicate higher recovery and lower energy use than conventional routes.,IISc Bangalore,2023,Under examination,,SYNTHETIC-DEMO,True
SYN-00087,patent,Low-cost hydrometallurgy route using acid leaching and solvent extraction for rare earth refining,This patent describes a hydrometallurgy route using acid leaching and solvent extraction for rare earth refining. Results indicate higher recovery and lower energy use than conventional routes.,NFTDC,2012,Abandoned,,SYNTHETIC-DEMO,True
SYN-00088,paper,Low-cost hydrometallurgy route using acid leaching and solvent extraction for lithium refining,This paper describes a hydrometallurgy route using acid leaching and solvent extraction for lithium refining. Results indicate higher recovery and lower energy use than conventional routes.,CSIR-NML,2020,Published,,SYNTHETIC-DEMO,True
SYN-00089,patent,Energy-efficient hydrometallurgy route using acid leaching and solvent extraction for lithium refining,This patent describes a hydrometallurgy route using acid leaching and solvent extraction for lithium refining. Results indicate higher recovery and lower energy use than conventional routes.,KABIL,2013,Published,,SYNTHETIC-DEMO,True
SYN-00090,paper,Selective recycling process for lithium recovery from spent batteries and e-waste,This paper describes a recycling process for lithium recovery from spent batteries and e-waste. Results indicate higher recovery and lower energy use than conventional routes.,BARC,2021,Published,,SYNTHETIC-DEMO,True
SYN-00091,paper,Energy-efficient geochemical survey and remote sensing approach for graphite exploration,This paper describes a geochemical survey and remote sensing approach for graphite exploration. Results indicate higher recovery and lower energy use than conventional routes.,NFTDC,2024,Published,,SYNTHETIC-DEMO,True
SYN-00092,patent,Scalable geochemical survey and remote sensing approach for rare earth exploration,This patent describes a geochemical survey and remote sensing approach for rare earth exploration. Results indicate higher recovery and lower energy use than conventional routes.,NMDC R&D Centre,2024,Published,,SYNTHETIC-DEMO,True
SYN-00093,patent,Low-cost geochemical survey and remote sensing approach for cobalt exploration,This patent describes a geochemical survey and remote sensing approach for cobalt exploration. Results indicate higher recovery and lower energy use than conventional routes.,IIT (ISM) Dhanbad,2015,Published,,SYNTHETIC-DEMO,True
SYN-00094,paper,Novel froth flotation and magnetic separation process for beneficiation of rare earth ore,This paper describes a froth flotation and magnetic separation process for beneficiation of rare earth ore. Results indicate higher recovery and lower energy use than conventional routes.,BARC,2023,Published,,SYNTHETIC-DEMO,True
SYN-00095,patent,Scalable recycling process for lithium recovery from spent batteries and e-waste,This patent describes a recycling process for lithium recovery from spent batteries and e-waste. Results indicate higher recovery and lower energy use than conventional routes.,IREL,2023,Under examination,,SYNTHETIC-DEMO,True
SYN-00096,patent,Improved froth flotation and magnetic separation process for beneficiation of rare earth ore,This patent describes a froth flotation and magnetic separation process for beneficiation of rare earth ore. Results indicate higher recovery and lower energy use than conventional routes.,BARC,2019,Under examination,,SYNTHETIC-DEMO,True
SYN-00097,project,Scalable lithium alloy and cathode materials for battery and magnet applications,This project describes a lithium alloy and cathode materials for battery and magnet applications. Results indicate higher recovery and lower energy use than conventional routes.,IIT Madras,2014,Ongoing,,SYNTHETIC-DEMO,True
SYN-00098,patent,Novel hydrometallurgy route using acid leaching and solvent extraction for lithium refining,This patent describes a hydrometallurgy route using acid leaching and solvent extraction for lithium refining. Results indicate higher recovery and lower energy use than conventional routes.,CSIR-IMMT,2020,Granted,,SYNTHETIC-DEMO,True
SYN-00099,paper,Scalable hydrometallurgy route using acid leaching and solvent extraction for nickel refining,This paper describes a hydrometallurgy route using acid leaching and solvent extraction for nickel refining. Results indicate higher recovery and lower energy use than conventional routes.,NFTDC,2019,Published,,SYNTHETIC-DEMO,True
SYN-00100,patent,Novel lithium alloy and cathode materials for battery and magnet applications,This patent describes a lithium alloy and cathode materials for battery and magnet applications. Results indicate higher recovery and lower energy use than conventional routes.,IIT Kharagpur,2023,Published,,SYNTHETIC-DEMO,True
SYN-00101,paper,Novel hydrometallurgy route using acid leaching and solvent extraction for nickel refining,This paper describes a hydrometallurgy route using acid leaching and solvent extraction for nickel refining. Results indicate higher recovery and lower energy use than conventional routes.,IIT Bombay,2015,Published,,SYNTHETIC-DEMO,True
SYN-00102,patent,Improved hydrometallurgy route using acid leaching and solvent extraction for lithium refining,This patent describes a hydrometallurgy route using acid leaching and solvent extraction for lithium refining. Results indicate higher recovery and lower energy use than conventional routes.,IISc Bangalore,2021,Published,,SYNTHETIC-DEMO,True
SYN-00103,patent,Scalable froth flotation and magnetic separation process for beneficiation of rare earth ore,This patent describes a froth flotation and magnetic separation process for beneficiation of rare earth ore. Results indicate higher recovery and lower energy use than conventional routes.,IIT Kharagpur,2023,Published,,SYNTHETIC-DEMO,True
SYN-00104,patent,Novel froth flotation and magnetic separation process for beneficiation of rare earth ore,This patent describes a froth flotation and magnetic separation process for beneficiation of rare earth ore. Results indicate higher recovery and lower energy use than conventional routes.,IIT Bombay,2019,Under examination,,SYNTHETIC-DEMO,True
SYN-00105,patent,Improved froth flotation and magnetic separation process for beneficiation of rare earth ore,This patent describes a froth flotation and magnetic separation process for beneficiation of rare earth ore. Results indicate higher recovery and lower energy use than conventional routes.,CSIR-IMMT,2025,Under examination,,SYNTHETIC-DEMO,True
SYN-00106,project,Novel hydrometallurgy route using acid leaching and solvent extraction for lithium refining,This project describes a hydrometallurgy route using acid leaching and solvent extraction for lithium refining. Results indicate higher recovery and lower energy use than conventional routes.,CSIR-NML,2012,Completed,,SYNTHETIC-DEMO,True
SYN-00107,paper,Scalable froth flotation and magnetic separation process for beneficiation of nickel ore,This paper describes a froth flotation and magnetic separation process for beneficiation of nickel ore. Results indicate higher recovery and lower energy use than conventional routes.,IREL,2023,Published,,SYNTHETIC-DEMO,True
SYN-00108,project,Improved cobalt alloy and cathode materials for battery and magnet applications,This project describes a cobalt alloy and cathode materials for battery and magnet applications. Results indicate higher recovery and lower energy use than conventional routes.,IIT Madras,2025,Ongoing,,SYNTHETIC-DEMO,True
SYN-00109,project,Improved hydrometallurgy route using acid leaching and solvent extraction for vanadium refining,This project describes a hydrometallurgy route using acid leaching and solvent extraction for vanadium refining. Results indicate higher recovery and lower energy use than conventional routes.,NFTDC,2019,Completed,,SYNTHETIC-DEMO,True
SYN-00110,patent,Energy-efficient hydrometallurgy route using acid leaching and solvent extraction for cobalt refining,This patent describes a hydrometallurgy route using acid leaching and solvent extraction for cobalt refining. Results indicate higher recovery and lower energy use than conventional routes.,NFTDC,2013,Granted,,SYNTHETIC-DEMO,True
SYN-00111,patent,Selective open-pit mining planning method for graphite ore bodies,This patent describes a open-pit mining planning method for graphite ore bodies. Results indicate higher recovery and lower energy use than conventional routes.,IIT Bombay,2017,Published,,SYNTHETIC-DEMO,True
SYN-00112,patent,Energy-efficient open-pit mining planning method for rare earth ore bodies,This patent describes a open-pit mining planning method for rare earth ore bodies. Results indicate higher recovery and lower energy use than conventional routes.,IIT (ISM) Dhanbad,2023,Granted,,SYNTHETIC-DEMO,True
SYN-00113,paper,Selective hydrometallurgy route using acid leaching and solvent extraction for lithium refining,This paper describes a hydrometallurgy route using acid leaching and solvent extraction for lithium refining. Results indicate higher recovery and lower energy use than conventional routes.,CSIR-IMMT,2017,Published,,SYNTHETIC-DEMO,True
SYN-00114,project,Scalable geochemical survey and remote sensing approach for rare earth exploration,This project describes a geochemical survey and remote sensing approach for rare earth exploration. Results indicate higher recovery and lower energy use than conventional routes.,IIT Madras,2016,Ongoing,,SYNTHETIC-DEMO,True
SYN-00115,project,Novel recycling process for lithium recovery from spent batteries and e-waste,This project describes a recycling process for lithium recovery from spent batteries and e-waste. Results indicate higher recovery and lower energy use than conventional routes.,IREL,2025,Ongoing,,SYNTHETIC-DEMO,True
SYN-00116,patent,Scalable hydrometallurgy route using acid leaching and solvent extraction for cobalt refining,This patent describes a hydrometallurgy route using acid leaching and solvent extraction for cobalt refining. Results indicate higher recovery and lower energy use than conventional routes.,IIT Bombay,2012,Under examination,,SYNTHETIC-DEMO,True
SYN-00117,patent,Scalable open-pit mining planning method for cobalt ore bodies,This patent describes a open-pit mining planning method for cobalt ore bodies. Results indicate higher recovery and lower energy use than conventional routes.,CSIR-NML,2025,Published,,SYNTHETIC-DEMO,True
SYN-00118,project,Selective lithium alloy and cathode materials for battery and magnet applications,This project describes a lithium alloy and cathode materials for battery and magnet applications. Results indicate higher recovery and lower energy use than conventional routes.,CSIR-NML,2022,Ongoing,,SYNTHETIC-DEMO,True
SYN-00119,patent,Selective geochemical survey and remote sensing approach for lithium exploration,This patent describes a geochemical survey and remote sensing approach for lithium exploration. Results indicate higher recovery and lower energy use than conventional routes.,NFTDC,2022,Published,,SYNTHETIC-DEMO,True
SYN-00120,paper,Novel open-pit mining planning method for cobalt ore bodies,This paper describes a open-pit mining planning method for cobalt ore bodies. Results indicate higher recovery and lower energy use than conventional routes.,CSIR-NML,2022,Published,,SYNTHETIC-DEMO,True
SYN-00121,project,Low-cost recycling process for lithium recovery from spent batteries and e-waste,This project describes a recycling process for lithium recovery from spent batteries and e-waste. Results indicate higher recovery and lower energy use than conventional routes.,NMDC R&D Centre,2025,Ongoing,,SYNTHETIC-DEMO,True
SYN-00122,paper,Improved open-pit mining planning method for lithium ore bodies,This paper describes a open-pit mining planning method for lithium ore bodies. Results indicate higher recovery and lower energy use than conventional routes.,IIT Bombay,2024,Published,,SYNTHETIC-DEMO,True
SYN-00123,project,Novel lithium alloy and cathode materials for battery and magnet applications,This project describes a lithium alloy and cathode materials for battery and magnet applications. Results indicate higher recovery and lower energy use than conventional routes.,IREL,2017,Ongoing,,SYNTHETIC-DEMO,True
SYN-00124,patent,Low-cost hydrometallurgy route using acid leaching and solvent extraction for lithium refining,This patent describes a hydrometallurgy route using acid leaching and solvent extraction for lithium refining. Results indicate higher recovery and lower energy use than conventional routes.,KABIL,2023,Under examination,,SYNTHETIC-DEMO,True
SYN-00125,project,Energy-efficient froth flotation and magnetic separation process for beneficiation of cobalt ore,This project describes a froth flotation and magnetic separation process for beneficiation of cobalt ore. Results indicate higher recovery and lower energy use than conventional routes.,BARC,2020,Ongoing,,SYNTHETIC-DEMO,True
SYN-00126,paper,Novel recycling process for lithium recovery from spent batteries and e-waste,This paper describes a recycling process for lithium recovery from spent batteries and e-waste. Results indicate higher recovery and lower energy use than conventional routes.,CSIR-IMMT,2024,Published,,SYNTHETIC-DEMO,True
SYN-00127,paper,Improved hydrometallurgy route using acid leaching and solvent extraction for lithium refining,This paper describes a hydrometallurgy route using acid leaching and solvent extraction for lithium refining. Results indicate higher recovery and lower energy use than conventional routes.,IREL,2022,Published,,SYNTHETIC-DEMO,True
SYN-00128,patent,Low-cost lithium alloy and cathode materials for battery and magnet applications,This patent describes a lithium alloy and cathode materials for battery and magnet applications. Results indicate higher recovery and lower energy use than conventional routes.,CSIR-IMMT,2020,Abandoned,,SYNTHETIC-DEMO,True
SYN-00129,paper,Novel recycling process for cobalt recovery from spent batteries and e-waste,This paper describes a recycling process for cobalt recovery from spent batteries and e-waste. Results indicate higher recovery and lower energy use than conventional routes.,IIT Kharagpur,2012,Published,,SYNTHETIC-DEMO,True
SYN-00130,project,Scalable open-pit mining planning method for rare earth ore bodies,This project describes a open-pit mining planning method for rare earth ore bodies. Results indicate higher recovery and lower energy use than conventional routes.,IIT Madras,2025,Ongoing,,SYNTHETIC-DEMO,True
SYN-00131,patent,Low-cost lithium alloy and cathode materials for battery and magnet applications,This patent describes a lithium alloy and cathode materials for battery and magnet applications. Results indicate higher recovery and lower energy use than conventional routes.,CSIR-IMMT,2023,Published,,SYNTHETIC-DEMO,True
SYN-00132,patent,Novel recycling process for graphite recovery from spent batteries and e-waste,This patent describes a recycling process for graphite recovery from spent batteries and e-waste. Results indicate higher recovery and lower energy use than conventional routes.,IREL,2018,Published,,SYNTHETIC-DEMO,True
SYN-00133,project,Selective lithium alloy and cathode materials for battery and magnet applications,This project describes a lithium alloy and cathode materials for battery and magnet applications. Results indicate higher recovery and lower energy use than conventional routes.,IIT Madras,2025,Completed,,SYNTHETIC-DEMO,True
SYN-00134,paper,Low-cost lithium alloy and cathode materials for battery and magnet applications,This paper describes a lithium alloy and cathode materials for battery and magnet applications. Results indicate higher recovery and lower energy use than conventional routes.,IIT (ISM) Dhanbad,2022,Published,,SYNTHETIC-DEMO,True
SYN-00135,patent,Novel open-pit mining planning method for lithium ore bodies,This patent describes a open-pit mining planning method for lithium ore bodies. Results indicate higher recovery and lower energy use than conventional routes.,IIT Bombay,2024,Granted,,SYNTHETIC-DEMO,True
SYN-00136,paper,Improved froth flotation and magnetic separation process for beneficiation of lithium ore,This paper describes a froth flotation and magnetic separation process for beneficiation of lithium ore. Results indicate higher recovery and lower energy use than conventional routes.,BARC,2019,Published,,SYNTHETIC-DEMO,True
SYN-00137,patent,Energy-efficient hydrometallurgy route using acid leaching and solvent extraction for lithium refining,This patent describes a hydrometallurgy route using acid leaching and solvent extraction for lithium refining. Results indicate higher recovery and lower energy use than conventional routes.,KABIL,2025,Published,,SYNTHETIC-DEMO,True
SYN-00138,paper,Low-cost hydrometallurgy route using acid leaching and solvent extraction for cobalt refining,This paper describes a hydrometallurgy route using acid leaching and solvent extraction for cobalt refining. Results indicate higher recovery and lower energy use than conventional routes.,IIT Madras,2022,Published,,SYNTHETIC-DEMO,True
SYN-00139,project,Novel hydrometallurgy route using acid leaching and solvent extraction for lithium refining,This project describes a hydrometallurgy route using acid leaching and solvent extraction for lithium refining. Results indicate higher recovery and lower energy use than conventional routes.,NFTDC,2012,Ongoing,,SYNTHETIC-DEMO,True
SYN-00140,patent,Improved froth flotation and magnetic separation process for beneficiation of nickel ore,This patent describes a froth flotation and magnetic separation process for beneficiation of nickel ore. Results indicate higher recovery and lower energy use than conventional routes.,IIT Bombay,2024,Granted,,SYNTHETIC-DEMO,True
SYN-00141,patent,Selective hydrometallurgy route using acid leaching and solvent extraction for nickel refining,This patent describes a hydrometallurgy route using acid leaching and solvent extraction for nickel refining. Results indicate higher recovery and lower energy use than conventional routes.,NFTDC,2024,Published,,SYNTHETIC-DEMO,True
SYN-00142,patent,Improved hydrometallurgy route using acid leaching and solvent extraction for rare earth refining,This patent describes a hydrometallurgy route using acid leaching and solvent extraction for rare earth refining. Results indicate higher recovery and lower energy use than conventional routes.,IISc Bangalore,2025,Under examination,,SYNTHETIC-DEMO,True
SYN-00143,paper,Scalable open-pit mining planning method for rare earth ore bodies,This paper describes a open-pit mining planning method for rare earth ore bodies. Results indicate higher recovery and lower energy use than conventional routes.,IISc Bangalore,2023,Published,,SYNTHETIC-DEMO,True
SYN-00144,patent,Energy-efficient lithium alloy and cathode materials for battery and magnet applications,This patent describes a lithium alloy and cathode materials for battery and magnet applications. Results indicate higher recovery and lower energy use than conventional routes.,IIT Madras,2023,Published,,SYNTHETIC-DEMO,True
SYN-00145,paper,Improved lithium alloy and cathode materials for battery and magnet applications,This paper describes a lithium alloy and cathode materials for battery and magnet applications. Results indicate higher recovery and lower energy use than conventional routes.,IIT Kharagpur,2013,Published,,SYNTHETIC-DEMO,True
SYN-00146,paper,Scalable froth flotation and magnetic separation process for beneficiation of cobalt ore,This paper describes a froth flotation and magnetic separation process for beneficiation of cobalt ore. Results indicate higher recovery and lower energy use than conventional routes.,BARC,2024,Published,,SYNTHETIC-DEMO,True
SYN-00147,project,Low-cost hydrometallurgy route using acid leaching and solvent extraction for lithium refining,This project describes a hydrometallurgy route using acid leaching and solvent extraction for lithium refining. Results indicate higher recovery and lower energy use than conventional routes.,NFTDC,2014,Completed,,SYNTHETIC-DEMO,True
SYN-00148,patent,Low-cost lithium alloy and cathode materials for battery and magnet applications,This patent describes a lithium alloy and cathode materials for battery and magnet applications. Results indicate higher recovery and lower energy use than conventional routes.,IIT Kharagpur,2014,Granted,,SYNTHETIC-DEMO,True
SYN-00149,paper,Novel froth flotation and magnetic separation process for beneficiation of nickel ore,This paper describes a froth flotation and magnetic separation process for beneficiation of nickel ore. Results indicate higher recovery and lower energy use than conventional routes.,IIT Madras,2023,Published,,SYNTHETIC-DEMO,True
SYN-00150,patent,Scalable hydrometallurgy route using acid leaching and solvent extraction for nickel refining,This patent describes a hydrometallurgy route using acid leaching and solvent extraction for nickel refining. Results indicate higher recovery and lower energy use than conventional routes.,NFTDC,2024,Under examination,,SYNTHETIC-DEMO,True
SYN-00151,paper,Scalable geochemical survey and remote sensing approach for graphite exploration,This paper describes a geochemical survey and remote sensing approach for graphite exploration. Results indicate higher recovery and lower energy use than conventional routes.,IIT (ISM) Dhanbad,2016,Published,,SYNTHETIC-DEMO,True
SYN-00152,patent,Scalable geochemical survey and remote sensing approach for vanadium exploration,This patent describes a geochemical survey and remote sensing approach for vanadium exploration. Results indicate higher recovery and lower energy use than conventional routes.,IIT (ISM) Dhanbad,2018,Granted,,SYNTHETIC-DEMO,True
SYN-00153,patent,Selective hydrometallurgy route using acid leaching and solvent extraction for rare earth refining,This patent describes a hydrometallurgy route using acid leaching and solvent extraction for rare earth refining. Results indicate higher recovery and lower energy use than conventional routes.,CSIR-NML,2014,Published,,SYNTHETIC-DEMO,True
SYN-00154,paper,Scalable hydrometallurgy route using acid leaching and solvent extraction for cobalt refining,This paper describes a hydrometallurgy route using acid leaching and solvent extraction for cobalt refining. Results indicate higher recovery and lower energy use than conventional routes.,IISc Bangalore,2021,Published,,SYNTHETIC-DEMO,True
SYN-00155,paper,Improved rare earth alloy and cathode materials for battery and magnet applications,This paper describes a rare earth alloy and cathode materials for battery and magnet applications. Results indicate higher recovery and lower energy use than conventional routes.,IIT Kharagpur,2020,Published,,SYNTHETIC-DEMO,True
SYN-00156,patent,Novel lithium alloy and cathode materials for battery and magnet applications,This patent describes a lithium alloy and cathode materials for battery and magnet applications. Results indicate higher recovery and lower energy use than conventional routes.,CSIR-IMMT,2024,Under examination,,SYNTHETIC-DEMO,True
SYN-00157,project,Low-cost geochemical survey and remote sensing approach for rare earth exploration,This project describes a geochemical survey and remote sensing approach for rare earth exploration. Results indicate higher recovery and lower energy use than conventional routes.,IIT (ISM) Dhanbad,2024,Ongoing,,SYNTHETIC-DEMO,True
SYN-00158,patent,Novel hydrometallurgy route using acid leaching and solvent extraction for lithium refining,This patent describes a hydrometallurgy route using acid leaching and solvent extraction for lithium refining. Results indicate higher recovery and lower energy use than conventional routes.,BARC,2019,Under examination,,SYNTHETIC-DEMO,True
SYN-00159,patent,Energy-efficient hydrometallurgy route using acid leaching and solvent extraction for lithium refining,This patent describes a hydrometallurgy route using acid leaching and solvent extraction for lithium refining. Results indicate higher recovery and lower energy use than conventional routes.,IISc Bangalore,2025,Published,,SYNTHETIC-DEMO,True
SYN-00160,patent,Novel recycling process for lithium recovery from spent batteries and e-waste,This patent describes a recycling process for lithium recovery from spent batteries and e-waste. Results indicate higher recovery and lower energy use than conventional routes.,CSIR-IMMT,2025,Published,,SYNTHETIC-DEMO,True
SYN-00161,project,Scalable froth flotation and magnetic separation process for beneficiation of rare earth ore,This project describes a froth flotation and magnetic separation process for beneficiation of rare earth ore. Results indicate higher recovery and lower energy use than conventional routes.,IIT Kharagpur,2025,Ongoing,,SYNTHETIC-DEMO,True
SYN-00162,patent,Improved recycling process for vanadium recovery from spent batteries and e-waste,This patent describes a recycling process for vanadium recovery from spent batteries and e-waste. Results indicate higher recovery and lower energy use than conventional routes.,IREL,2023,Granted,,SYNTHETIC-DEMO,True
SYN-00163,patent,Selective graphite alloy and cathode materials for battery and magnet applications,This patent describes a graphite alloy and cathode materials for battery and magnet applications. Results indicate higher recovery and lower energy use than conventional routes.,IIT Madras,2014,Under examination,,SYNTHETIC-DEMO,True
SYN-00164,project,Energy-efficient hydrometallurgy route using acid leaching and solvent extraction for nickel refining,This project describes a hydrometallurgy route using acid leaching and solvent extraction for nickel refining. Results indicate higher recovery and lower energy use than conventional routes.,IISc Bangalore,2017,Completed,,SYNTHETIC-DEMO,True
SYN-00165,project,Improved froth flotation and magnetic separation process for beneficiation of cobalt ore,This project describes a froth flotation and magnetic separation process for beneficiation of cobalt ore. Results indicate higher recovery and lower energy use than conventional routes.,BARC,2016,Completed,,SYNTHETIC-DEMO,True
SYN-00166,patent,Scalable geochemical survey and remote sensing approach for rare earth exploration,This patent describes a geochemical survey and remote sensing approach for rare earth exploration. Results indicate higher recovery and lower energy use than conventional routes.,KABIL,2020,Published,,SYNTHETIC-DEMO,True
SYN-00167,patent,Novel hydrometallurgy route using acid leaching and solvent extraction for rare earth refining,This patent describes a hydrometallurgy route using acid leaching and solvent extraction for rare earth refining. Results indicate higher recovery and lower energy use than conventional routes.,CSIR-NML,2017,Granted,,SYNTHETIC-DEMO,True
SYN-00168,patent,Scalable open-pit mining planning method for vanadium ore bodies,This patent describes a open-pit mining planning method for vanadium ore bodies. Results indicate higher recovery and lower energy use than conventional routes.,NMDC R&D Centre,2021,Under examination,,SYNTHETIC-DEMO,True
SYN-00169,paper,Improved open-pit mining planning method for cobalt ore bodies,This paper describes a open-pit mining planning method for cobalt ore bodies. Results indicate higher recovery and lower energy use than conventional routes.,IISc Bangalore,2025,Published,,SYNTHETIC-DEMO,True
SYN-00170,project,Low-cost hydrometallurgy route using acid leaching and solvent extraction for nickel refining,This project describes a hydrometallurgy route using acid leaching and solvent extraction for nickel refining. Results indicate higher recovery and lower energy use than conventional routes.,NFTDC,2022,Completed,,SYNTHETIC-DEMO,True
SYN-00171,patent,Energy-efficient hydrometallurgy route using acid leaching and solvent extraction for cobalt refining,This patent describes a hydrometallurgy route using acid leaching and solvent extraction for cobalt refining. Results indicate higher recovery and lower energy use than conventional routes.,IIT Kharagpur,2017,Published,,SYNTHETIC-DEMO,True
SYN-00172,patent,Energy-efficient graphite alloy and cathode materials for battery and magnet applications,This patent describes a graphite alloy and cathode materials for battery and magnet applications. Results indicate higher recovery and lower energy use than conventional routes.,IIT (ISM) Dhanbad,2022,Granted,,SYNTHETIC-DEMO,True
SYN-00173,paper,Improved recycling process for cobalt recovery from spent batteries and e-waste,This paper describes a recycling process for cobalt recovery from spent batteries and e-waste. Results indicate higher recovery and lower energy use than conventional routes.,NMDC R&D Centre,2025,Published,,SYNTHETIC-DEMO,True
SYN-00174,paper,Scalable recycling process for cobalt recovery from spent batteries and e-waste,This paper describes a recycling process for cobalt recovery from spent batteries and e-waste. Results indicate higher recovery and lower energy use than conventional routes.,IREL,2022,Published,,SYNTHETIC-DEMO,True
SYN-00175,patent,Selective graphite alloy and cathode materials for battery and magnet applications,This patent describes a graphite alloy and cathode materials for battery and magnet applications. Results indicate higher recovery and lower energy use than conventional routes.,IIT (ISM) Dhanbad,2022,Published,,SYNTHETIC-DEMO,True
SYN-00176,paper,Scalable froth flotation and magnetic separation process for beneficiation of cobalt ore,This paper describes a froth flotation and magnetic separation process for beneficiation of cobalt ore. Results indicate higher recovery and lower energy use than conventional routes.,CSIR-IMMT,2020,Published,,SYNTHETIC-DEMO,True
SYN-00177,project,Energy-efficient hydrometallurgy route using acid leaching and solvent extraction for nickel refining,This project describes a hydrometallurgy route using acid leaching and solvent extraction for nickel refining. Results indicate higher recovery and lower energy use than conventional routes.,NFTDC,2024,Completed,,SYNTHETIC-DEMO,True
SYN-00178,patent,Low-cost hydrometallurgy route using acid leaching and solvent extraction for cobalt refining,This patent describes a hydrometallurgy route using acid leaching and solvent extraction for cobalt refining. Results indicate higher recovery and lower energy use than conventional routes.,NFTDC,2021,Under examination,,SYNTHETIC-DEMO,True
SYN-00179,paper,Improved recycling process for cobalt recovery from spent batteries and e-waste,This paper describes a recycling process for cobalt recovery from spent batteries and e-waste. Results indicate higher recovery and lower energy use than conventional routes.,IIT Bombay,2020,Published,,SYNTHETIC-DEMO,True
SYN-00180,paper,Energy-efficient open-pit mining planning method for cobalt ore bodies,This paper describes a open-pit mining planning method for cobalt ore bodies. Results indicate higher recovery and lower energy use than conventional routes.,IIT (ISM) Dhanbad,2025,Published,,SYNTHETIC-DEMO,True
SYN-00181,patent,Low-cost lithium alloy and cathode materials for battery and magnet applications,This patent describes a lithium alloy and cathode materials for battery and magnet applications. Results indicate higher recovery and lower energy use than conventional routes.,IIT Kharagpur,2018,Published,,SYNTHETIC-DEMO,True
SYN-00182,patent,Low-cost rare earth alloy and cathode materials for battery and magnet applications,This patent describes a rare earth alloy and cathode materials for battery and magnet applications. Results indicate higher recovery and lower energy use than conventional routes.,NFTDC,2023,Published,,SYNTHETIC-DEMO,True
SYN-00183,paper,Improved lithium alloy and cathode materials for battery and magnet applications,This paper describes a lithium alloy and cathode materials for battery and magnet applications. Results indicate higher recovery and lower energy use than conventional routes.,IIT (ISM) Dhanbad,2015,Published,,SYNTHETIC-DEMO,True
SYN-00184,paper,Novel graphite alloy and cathode materials for battery and magnet applications,This paper describes a graphite alloy and cathode materials for battery and magnet applications. Results indicate higher recovery and lower energy use than conventional routes.,IIT (ISM) Dhanbad,2022,Published,,SYNTHETIC-DEMO,True
SYN-00185,patent,Novel hydrometallurgy route using acid leaching and solvent extraction for vanadium refining,This patent describes a hydrometallurgy route using acid leaching and solvent extraction for vanadium refining. Results indicate higher recovery and lower energy use than conventional routes.,IIT Bombay,2012,Under examination,,SYNTHETIC-DEMO,True
SYN-00186,patent,Selective hydrometallurgy route using acid leaching and solvent extraction for rare earth refining,This patent describes a hydrometallurgy route using acid leaching and solvent extraction for rare earth refining. Results indicate higher recovery and lower energy use than conventional routes.,IIT Bombay,2016,Published,,SYNTHETIC-DEMO,True
SYN-00187,patent,Selective hydrometallurgy route using acid leaching and solvent extraction for lithium refining,This patent describes a hydrometallurgy route using acid leaching and solvent extraction for lithium refining. Results indicate higher recovery and lower energy use than conventional routes.,NFTDC,2024,Granted,,SYNTHETIC-DEMO,True
SYN-00188,paper,Novel lithium alloy and cathode materials for battery and magnet applications,This paper describes a lithium alloy and cathode materials for battery and magnet applications. Results indicate higher recovery and lower energy use than conventional routes.,IISc Bangalore,2023,Published,,SYNTHETIC-DEMO,True
SYN-00189,patent,Selective hydrometallurgy route using acid leaching and solvent extraction for rare earth refining,This patent describes a hydrometallurgy route using acid leaching and solvent extraction for rare earth refining. Results indicate higher recovery and lower energy use than conventional routes.,IISc Bangalore,2018,Published,,SYNTHETIC-DEMO,True
SYN-00190,paper,Energy-efficient graphite alloy and cathode materials for battery and magnet applications,This paper describes a graphite alloy and cathode materials for battery and magnet applications. Results indicate higher recovery and lower energy use than conventional routes.,CSIR-IMMT,2025,Published,,SYNTHETIC-DEMO,True
SYN-00191,patent,Selective cobalt alloy and cathode materials for battery and magnet applications,This patent describes a cobalt alloy and cathode materials for battery and magnet applications. Results indicate higher recovery and lower energy use than conventional routes.,NFTDC,2023,Granted,,SYNTHETIC-DEMO,True
SYN-00192,patent,Selective hydrometallurgy route using acid leaching and solvent extraction for cobalt refining,This patent describes a hydrometallurgy route using acid leaching and solvent extraction for cobalt refining. Results indicate higher recovery and lower energy use than conventional routes.,IISc Bangalore,2018,Published,,SYNTHETIC-DEMO,True
SYN-00193,patent,Selective lithium alloy and cathode materials for battery and magnet applications,This patent describes a lithium alloy and cathode materials for battery and magnet applications. Results indicate higher recovery and lower energy use than conventional routes.,IIT Kharagpur,2025,Granted,,SYNTHETIC-DEMO,True
SYN-00194,patent,Energy-efficient geochemical survey and remote sensing approach for lithium exploration,This patent describes a geochemical survey and remote sensing approach for lithium exploration. Results indicate higher recovery and lower energy use than conventional routes.,IIT Madras,2019,Granted,,SYNTHETIC-DEMO,True
SYN-00195,paper,Novel geochemical survey and remote sensing approach for rare earth exploration,This paper describes a geochemical survey and remote sensing approach for rare earth exploration. Results indicate higher recovery and lower energy use than conventional routes.,IIT Kharagpur,2015,Published,,SYNTHETIC-DEMO,True
SYN-00196,patent,Energy-efficient lithium alloy and cathode materials for battery and magnet applications,This patent describes a lithium alloy and cathode materials for battery and magnet applications. Results indicate higher recovery and lower energy use than conventional routes.,NMDC R&D Centre,2012,Under examination,,SYNTHETIC-DEMO,True
SYN-00197,patent,Energy-efficient hydrometallurgy route using acid leaching and solvent extraction for nickel refining,This patent describes a hydrometallurgy route using acid leaching and solvent extraction for nickel refining. Results indicate higher recovery and lower energy use than conventional routes.,NFTDC,2022,Abandoned,,SYNTHETIC-DEMO,True
SYN-00198,patent,Improved geochemical survey and remote sensing approach for lithium exploration,This patent describes a geochemical survey and remote sensing approach for lithium exploration. Results indicate higher recovery and lower energy use than conventional routes.,KABIL,2017,Abandoned,,SYNTHETIC-DEMO,True
SYN-00199,patent,Improved froth flotation and magnetic separation process for beneficiation of rare earth ore,This patent describes a froth flotation and magnetic separation process for beneficiation of rare earth ore. Results indicate higher recovery and lower energy use than conventional routes.,CSIR-IMMT,2020,Published,,SYNTHETIC-DEMO,True
SYN-00200,paper,Selective hydrometallurgy route using acid leaching and solvent extraction for lithium refining,This paper describes a hydrometallurgy route using acid leaching and solvent extraction for lithium refining. Results indicate higher recovery and lower energy use than conventional routes.,CSIR-IMMT,2022,Published,,SYNTHETIC-DEMO,True
SYN-00201,paper,Improved froth flotation and magnetic separation process for beneficiation of cobalt ore,This paper describes a froth flotation and magnetic separation process for beneficiation of cobalt ore. Results indicate higher recovery and lower energy use than conventional routes.,BARC,2025,Published,,SYNTHETIC-DEMO,True
SYN-00202,patent,Low-cost hydrometallurgy route using acid leaching and solvent extraction for vanadium refining,This patent describes a hydrometallurgy route using acid leaching and solvent extraction for vanadium refining. Results indicate higher recovery and lower energy use than conventional routes.,IISc Bangalore,2018,Under examination,,SYNTHETIC-DEMO,True
SYN-00203,patent,Novel geochemical survey and remote sensing approach for lithium exploration,This patent describes a geochemical survey and remote sensing approach for lithium exploration. Results indicate higher recovery and lower energy use than conventional routes.,NFTDC,2024,Under examination,,SYNTHETIC-DEMO,True
SYN-00204,patent,Improved hydrometallurgy route using acid leaching and solvent extraction for rare earth refining,This patent describes a hydrometallurgy route using acid leaching and solvent extraction for rare earth refining. Results indicate higher recovery and lower energy use than conventional routes.,NFTDC,2019,Under examination,,SYNTHETIC-DEMO,True
SYN-00205,patent,Novel lithium alloy and cathode materials for battery and magnet applications,This patent describes a lithium alloy and cathode materials for battery and magnet applications. Results indicate higher recovery and lower energy use than conventional routes.,CSIR-IMMT,2023,Under examination,,SYNTHETIC-DEMO,True
SYN-00206,patent,Low-cost froth flotation and magnetic separation process for beneficiation of lithium ore,This patent describes a froth flotation and magnetic separation process for beneficiation of lithium ore. Results indicate higher recovery and lower energy use than conventional routes.,CSIR-IMMT,2018,Published,,SYNTHETIC-DEMO,True
SYN-00207,paper,Novel lithium alloy and cathode materials for battery and magnet applications,This paper describes a lithium alloy and cathode materials for battery and magnet applications. Results indicate higher recovery and lower energy use than conventional routes.,IIT Madras,2019,Published,,SYNTHETIC-DEMO,True
SYN-00208,patent,Low-cost froth flotation and magnetic separation process for beneficiation of graphite ore,This patent describes a froth flotation and magnetic separation process for beneficiation of graphite ore. Results indicate higher recovery and lower energy use than conventional routes.,IIT (ISM) Dhanbad,2024,Published,,SYNTHETIC-DEMO,True
SYN-00209,patent,Scalable rare earth alloy and cathode materials for battery and magnet applications,This patent describes a rare earth alloy and cathode materials for battery and magnet applications. Results indicate higher recovery and lower energy use than conventional routes.,IISc Bangalore,2024,Published,,SYNTHETIC-DEMO,True
SYN-00210,patent,Energy-efficient rare earth alloy and cathode materials for battery and magnet applications,This patent describes a rare earth alloy and cathode materials for battery and magnet applications. Results indicate higher recovery and lower energy use than conventional routes.,IIT Madras,2015,Published,,SYNTHETIC-DEMO,True
SYN-00211,paper,Improved vanadium alloy and cathode materials for battery and magnet applications,This paper describes a vanadium alloy and cathode materials for battery and magnet applications. Results indicate higher recovery and lower energy use than conventional routes.,IIT Madras,2022,Published,,SYNTHETIC-DEMO,True
SYN-00212,patent,Improved geochemical survey and remote sensing approach for lithium exploration,This patent describes a geochemical survey and remote sensing approach for lithium exploration. Results indicate higher recovery and lower energy use than conventional routes.,IISc Bangalore,2018,Under examination,,SYNTHETIC-DEMO,True
SYN-00213,paper,Selective graphite alloy and cathode materials for battery and magnet applications,This paper describes a graphite alloy and cathode materials for battery and magnet applications. Results indicate higher recovery and lower energy use than conventional routes.,IIT (ISM) Dhanbad,2021,Published,,SYNTHETIC-DEMO,True
SYN-00214,patent,Selective froth flotation and magnetic separation process for beneficiation of lithium ore,This patent describes a froth flotation and magnetic separation process for beneficiation of lithium ore. Results indicate higher recovery and lower energy use than conventional routes.,IIT Kharagpur,2018,Published,,SYNTHETIC-DEMO,True
SYN-00215,patent,Selective hydrometallurgy route using acid leaching and solvent extraction for lithium refining,This patent describes a hydrometallurgy route using acid leaching and solvent extraction for lithium refining. Results indicate higher recovery and lower energy use than conventional routes.,NFTDC,2019,Under examination,,SYNTHETIC-DEMO,True
SYN-00216,paper,Low-cost froth flotation and magnetic separation process for beneficiation of nickel ore,This paper describes a froth flotation and magnetic separation process for beneficiation of nickel ore. Results indicate higher recovery and lower energy use than conventional routes.,BARC,2023,Published,,SYNTHETIC-DEMO,True
SYN-00217,paper,Energy-efficient open-pit mining planning method for rare earth ore bodies,This paper describes a open-pit mining planning method for rare earth ore bodies. Results indicate higher recovery and lower energy use than conventional routes.,CSIR-NML,2017,Published,,SYNTHETIC-DEMO,True
SYN-00218,paper,Energy-efficient hydrometallurgy route using acid leaching and solvent extraction for rare earth refining,This paper describes a hydrometallurgy route using acid leaching and solvent extraction for rare earth refining. Results indicate higher recovery and lower energy use than conventional routes.,CSIR-NML,2015,Published,,SYNTHETIC-DEMO,True
SYN-00219,patent,Low-cost hydrometallurgy route using acid leaching and solvent extraction for lithium refining,This patent describes a hydrometallurgy route using acid leaching and solvent extraction for lithium refining. Results indicate higher recovery and lower energy use than conventional routes.,NFTDC,2015,Under examination,,SYNTHETIC-DEMO,True
SYN-00220,paper,Scalable froth flotation and magnetic separation process for beneficiation of rare earth ore,This paper describes a froth flotation and magnetic separation process for beneficiation of rare earth ore. Results indicate higher recovery and lower energy use than conventional routes.,NMDC R&D Centre,2023,Published,,SYNTHETIC-DEMO,True
SYN-00221,patent,Low-cost froth flotation and magnetic separation process for beneficiation of nickel ore,This patent describes a froth flotation and magnetic separation process for beneficiation of nickel ore. Results indicate higher recovery and lower energy use than conventional routes.,IIT Kharagpur,2020,Under examination,,SYNTHETIC-DEMO,True
SYN-00222,patent,Low-cost froth flotation and magnetic separation process for beneficiation of rare earth ore,This patent describes a froth flotation and magnetic separation process for beneficiation of rare earth ore. Results indicate higher recovery and lower energy use than conventional routes.,NMDC R&D Centre,2020,Published,,SYNTHETIC-DEMO,True
SYN-00223,patent,Novel recycling process for lithium recovery from spent batteries and e-waste,This patent describes a recycling process for lithium recovery from spent batteries and e-waste. Results indicate higher recovery and lower energy use than conventional routes.,BARC,2018,Granted,,SYNTHETIC-DEMO,True
SYN-00224,paper,Low-cost froth flotation and magnetic separation process for beneficiation of cobalt ore,This paper describes a froth flotation and magnetic separation process for beneficiation of cobalt ore. Results indicate higher recovery and lower energy use than conventional routes.,CSIR-IMMT,2023,Published,,SYNTHETIC-DEMO,True
SYN-00225,paper,Improved recycling process for lithium recovery from spent batteries and e-waste,This paper describes a recycling process for lithium recovery from spent batteries and e-waste. Results indicate higher recovery and lower energy use than conventional routes.,IIT Kharagpur,2023,Published,,SYNTHETIC-DEMO,True
SYN-00226,patent,Improved lithium alloy and cathode materials for battery and magnet applications,This patent describes a lithium alloy and cathode materials for battery and magnet applications. Results indicate higher recovery and lower energy use than conventional routes.,IIT Kharagpur,2013,Published,,SYNTHETIC-DEMO,True
SYN-00227,paper,Improved open-pit mining planning method for graphite ore bodies,This paper describes a open-pit mining planning method for graphite ore bodies. Results indicate higher recovery and lower energy use than conventional routes.,IIT Madras,2015,Published,,SYNTHETIC-DEMO,True
SYN-00228,paper,Selective geochemical survey and remote sensing approach for lithium exploration,This paper describes a geochemical survey and remote sensing approach for lithium exploration. Results indicate higher recovery and lower energy use than conventional routes.,IREL,2020,Published,,SYNTHETIC-DEMO,True
SYN-00229,patent,Novel hydrometallurgy route using acid leaching and solvent extraction for nickel refining,This patent describes a hydrometallurgy route using acid leaching and solvent extraction for nickel refining. Results indicate higher recovery and lower energy use than conventional routes.,IIT Bombay,2019,Published,,SYNTHETIC-DEMO,True
SYN-00230,patent,Low-cost geochemical survey and remote sensing approach for rare earth exploration,This patent describes a geochemical survey and remote sensing approach for rare earth exploration. Results indicate higher recovery and lower energy use than conventional routes.,NFTDC,2021,Published,,SYNTHETIC-DEMO,True
SYN-00231,project,Scalable hydrometallurgy route using acid leaching and solvent extraction for nickel refining,This project describes a hydrometallurgy route using acid leaching and solvent extraction for nickel refining. Results indicate higher recovery and lower energy use than conventional routes.,IIT Bombay,2024,Ongoing,,SYNTHETIC-DEMO,True
SYN-00232,patent,Energy-efficient geochemical survey and remote sensing approach for vanadium exploration,This patent describes a geochemical survey and remote sensing approach for vanadium exploration. Results indicate higher recovery and lower energy use than conventional routes.,KABIL,2022,Under examination,,SYNTHETIC-DEMO,True
SYN-00233,patent,Selective hydrometallurgy route using acid leaching and solvent extraction for cobalt refining,This patent describes a hydrometallurgy route using acid leaching and solvent extraction for cobalt refining. Results indicate higher recovery and lower energy use than conventional routes.,KABIL,2024,Published,,SYNTHETIC-DEMO,True
SYN-00234,patent,Novel graphite alloy and cathode materials for battery and magnet applications,This patent describes a graphite alloy and cathode materials for battery and magnet applications. Results indicate higher recovery and lower energy use than conventional routes.,IIT Madras,2012,Published,,SYNTHETIC-DEMO,True
SYN-00235,patent,Low-cost hydrometallurgy route using acid leaching and solvent extraction for lithium refining,This patent describes a hydrometallurgy route using acid leaching and solvent extraction for lithium refining. Results indicate higher recovery and lower energy use than conventional routes.,NFTDC,2012,Published,,SYNTHETIC-DEMO,True
SYN-00236,paper,Novel cobalt alloy and cathode materials for battery and magnet applications,This paper describes a cobalt alloy and cathode materials for battery and magnet applications. Results indicate higher recovery and lower energy use than conventional routes.,IIT (ISM) Dhanbad,2018,Published,,SYNTHETIC-DEMO,True
SYN-00237,project,Improved cobalt alloy and cathode materials for battery and magnet applications,This project describes a cobalt alloy and cathode materials for battery and magnet applications. Results indicate higher recovery and lower energy use than conventional routes.,IIT Kharagpur,2018,Completed,,SYNTHETIC-DEMO,True
SYN-00238,project,Scalable froth flotation and magnetic separation process for beneficiation of nickel ore,This project describes a froth flotation and magnetic separation process for beneficiation of nickel ore. Results indicate higher recovery and lower energy use than conventional routes.,IIT Kharagpur,2018,Ongoing,,SYNTHETIC-DEMO,True
SYN-00239,patent,Low-cost froth flotation and magnetic separation process for beneficiation of vanadium ore,This patent describes a froth flotation and magnetic separation process for beneficiation of vanadium ore. Results indicate higher recovery and lower energy use than conventional routes.,CSIR-IMMT,2025,Published,,SYNTHETIC-DEMO,True
SYN-00240,patent,Selective vanadium alloy and cathode materials for battery and magnet applications,This patent describes a vanadium alloy and cathode materials for battery and magnet applications. Results indicate higher recovery and lower energy use than conventional routes.,IISc Bangalore,2021,Under examination,,SYNTHETIC-DEMO,True
SYN-00241,patent,Selective froth flotation and magnetic separation process for beneficiation of cobalt ore,This patent describes a froth flotation and magnetic separation process for beneficiation of cobalt ore. Results indicate higher recovery and lower energy use than conventional routes.,BARC,2015,Granted,,SYNTHETIC-DEMO,True
SYN-00242,patent,Energy-efficient froth flotation and magnetic separation process for beneficiation of nickel ore,This patent describes a froth flotation and magnetic separation process for beneficiation of nickel ore. Results indicate higher recovery and lower energy use than conventional routes.,NMDC R&D Centre,2025,Published,,SYNTHETIC-DEMO,True
SYN-00243,patent,Improved lithium alloy and cathode materials for battery and magnet applications,This patent describes a lithium alloy and cathode materials for battery and magnet applications. Results indicate higher recovery and lower energy use than conventional routes.,IIT (ISM) Dhanbad,2023,Granted,,SYNTHETIC-DEMO,True
SYN-00244,paper,Novel hydrometallurgy route using acid leaching and solvent extraction for vanadium refining,This paper describes a hydrometallurgy route using acid leaching and solvent extraction for vanadium refining. Results indicate higher recovery and lower energy use than conventional routes.,NFTDC,2016,Published,,SYNTHETIC-DEMO,True
SYN-00245,project,Scalable geochemical survey and remote sensing approach for rare earth exploration,This project describes a geochemical survey and remote sensing approach for rare earth exploration. Results indicate higher recovery and lower energy use than conventional routes.,KABIL,2017,Completed,,SYNTHETIC-DEMO,True
SYN-00246,paper,Novel hydrometallurgy route using acid leaching and solvent extraction for cobalt refining,This paper describes a hydrometallurgy route using acid leaching and solvent extraction for cobalt refining. Results indicate higher recovery and lower energy use than conventional routes.,NFTDC,2018,Published,,SYNTHETIC-DEMO,True
SYN-00247,paper,Improved froth flotation and magnetic separation process for beneficiation of graphite ore,This paper describes a froth flotation and magnetic separation process for beneficiation of graphite ore. Results indicate higher recovery and lower energy use than conventional routes.,BARC,2022,Published,,SYNTHETIC-DEMO,True
SYN-00248,project,Scalable lithium alloy and cathode materials for battery and magnet applications,This project describes a lithium alloy and cathode materials for battery and magnet applications. Results indicate higher recovery and lower energy use than conventional routes.,IIT Bombay,2013,Ongoing,,SYNTHETIC-DEMO,True
SYN-00249,paper,Novel froth flotation and magnetic separation process for beneficiation of graphite ore,This paper describes a froth flotation and magnetic separation process for beneficiation of graphite ore. Results indicate higher recovery and lower energy use than conventional routes.,BARC,2024,Published,,SYNTHETIC-DEMO,True
SYN-00250,paper,Selective froth flotation and magnetic separation process for beneficiation of graphite ore,This paper describes a froth flotation and magnetic separation process for beneficiation of graphite ore. Results indicate higher recovery and lower energy use than conventional routes.,IIT Kharagpur,2024,Published,,SYNTHETIC-DEMO,True
SYN-00251,patent,Novel froth flotation and magnetic separation process for beneficiation of lithium ore,This patent describes a froth flotation and magnetic separation process for beneficiation of lithium ore. Results indicate higher recovery and lower energy use than conventional routes.,IIT Kharagpur,2014,Granted,,SYNTHETIC-DEMO,True
SYN-00252,patent,Scalable cobalt alloy and cathode materials for battery and magnet applications,This patent describes a cobalt alloy and cathode materials for battery and magnet applications. Results indicate higher recovery and lower energy use than conventional routes.,IIT Madras,2021,Published,,SYNTHETIC-DEMO,True
SYN-00253,paper,Selective recycling process for lithium recovery from spent batteries and e-waste,This paper describes a recycling process for lithium recovery from spent batteries and e-waste. Results indicate higher recovery and lower energy use than conventional routes.,IREL,2023,Published,,SYNTHETIC-DEMO,True
SYN-00254,project,Low-cost graphite alloy and cathode materials for battery and magnet applications,This project describes a graphite alloy and cathode materials for battery and magnet applications. Results indicate higher recovery and lower energy use than conventional routes.,IIT Madras,2014,Completed,,SYNTHETIC-DEMO,True
SYN-00255,patent,Novel hydrometallurgy route using acid leaching and solvent extraction for rare earth refining,This patent describes a hydrometallurgy route using acid leaching and solvent extraction for rare earth refining. Results indicate higher recovery and lower energy use than conventional routes.,NFTDC,2021,Under examination,,SYNTHETIC-DEMO,True
SYN-00256,paper,Selective geochemical survey and remote sensing approach for vanadium exploration,This paper describes a geochemical survey and remote sensing approach for vanadium exploration. Results indicate higher recovery and lower energy use than conventional routes.,IREL,2020,Published,,SYNTHETIC-DEMO,True
SYN-00257,patent,Novel geochemical survey and remote sensing approach for graphite exploration,This patent describes a geochemical survey and remote sensing approach for graphite exploration. Results indicate higher recovery and lower energy use than conventional routes.,IISc Bangalore,2020,Granted,,SYNTHETIC-DEMO,True
SYN-00258,paper,Selective hydrometallurgy route using acid leaching and solvent extraction for cobalt refining,This paper describes a hydrometallurgy route using acid leaching and solvent extraction for cobalt refining. Results indicate higher recovery and lower energy use than conventional routes.,NFTDC,2024,Published,,SYNTHETIC-DEMO,True
SYN-00259,paper,Low-cost froth flotation and magnetic separation process for beneficiation of rare earth ore,This paper describes a froth flotation and magnetic separation process for beneficiation of rare earth ore. Results indicate higher recovery and lower energy use than conventional routes.,IIT Bombay,2025,Published,,SYNTHETIC-DEMO,True
SYN-00260,paper,Improved froth flotation and magnetic separation process for beneficiation of rare earth ore,This paper describes a froth flotation and magnetic separation process for beneficiation of rare earth ore. Results indicate higher recovery and lower energy use than conventional routes.,BARC,2020,Published,,SYNTHETIC-DEMO,True
SYN-00261,paper,Energy-efficient hydrometallurgy route using acid leaching and solvent extraction for lithium refining,This paper describes a hydrometallurgy route using acid leaching and solvent extraction for lithium refining. Results indicate higher recovery and lower energy use than conventional routes.,NFTDC,2025,Published,,SYNTHETIC-DEMO,True
SYN-00262,patent,Energy-efficient hydrometallurgy route using acid leaching and solvent extraction for lithium refining,This patent describes a hydrometallurgy route using acid leaching and solvent extraction for lithium refining. Results indicate higher recovery and lower energy use than conventional routes.,NFTDC,2015,Published,,SYNTHETIC-DEMO,True
SYN-00263,project,Selective hydrometallurgy route using acid leaching and solvent extraction for rare earth refining,This project describes a hydrometallurgy route using acid leaching and solvent extraction for rare earth refining. Results indicate higher recovery and lower energy use than conventional routes.,BARC,2024,Completed,,SYNTHETIC-DEMO,True
SYN-00264,project,Energy-efficient recycling process for lithium recovery from spent batteries and e-waste,This project describes a recycling process for lithium recovery from spent batteries and e-waste. Results indicate higher recovery and lower energy use than conventional routes.,IISc Bangalore,2024,Completed,,SYNTHETIC-DEMO,True
SYN-00265,patent,Scalable geochemical survey and remote sensing approach for graphite exploration,This patent describes a geochemical survey and remote sensing approach for graphite exploration. Results indicate higher recovery and lower energy use than conventional routes.,IISc Bangalore,2016,Published,,SYNTHETIC-DEMO,True
SYN-00266,paper,Improved hydrometallurgy route using acid leaching and solvent extraction for nickel refining,This paper describes a hydrometallurgy route using acid leaching and solvent extraction for nickel refining. Results indicate higher recovery and lower energy use than conventional routes.,CSIR-NML,2019,Published,,SYNTHETIC-DEMO,True
SYN-00267,patent,Energy-efficient froth flotation and magnetic separation process for beneficiation of lithium ore,This patent describes a froth flotation and magnetic separation process for beneficiation of lithium ore. Results indicate higher recovery and lower energy use than conventional routes.,BARC,2025,Under examination,,SYNTHETIC-DEMO,True
SYN-00268,patent,Scalable froth flotation and magnetic separation process for beneficiation of rare earth ore,This patent describes a froth flotation and magnetic separation process for beneficiation of rare earth ore. Results indicate higher recovery and lower energy use than conventional routes.,BARC,2016,Granted,,SYNTHETIC-DEMO,True
SYN-00269,patent,Improved lithium alloy and cathode materials for battery and magnet applications,This patent describes a lithium alloy and cathode materials for battery and magnet applications. Results indicate higher recovery and lower energy use than conventional routes.,IIT (ISM) Dhanbad,2025,Under examination,,SYNTHETIC-DEMO,True
SYN-00270,paper,Selective open-pit mining planning method for rare earth ore bodies,This paper describes a open-pit mining planning method for rare earth ore bodies. Results indicate higher recovery and lower energy use than conventional routes.,IISc Bangalore,2018,Published,,SYNTHETIC-DEMO,True
SYN-00271,patent,Scalable lithium alloy and cathode materials for battery and magnet applications,This patent describes a lithium alloy and cathode materials for battery and magnet applications. Results indicate higher recovery and lower energy use than conventional routes.,IIT Kharagpur,2012,Abandoned,,SYNTHETIC-DEMO,True
SYN-00272,paper,Scalable hydrometallurgy route using acid leaching and solvent extraction for lithium refining,This paper describes a hydrometallurgy route using acid leaching and solvent extraction for lithium refining. Results indicate higher recovery and lower energy use than conventional routes.,NFTDC,2013,Published,,SYNTHETIC-DEMO,True
SYN-00273,patent,Low-cost froth flotation and magnetic separation process for beneficiation of cobalt ore,This patent describes a froth flotation and magnetic separation process for beneficiation of cobalt ore. Results indicate higher recovery and lower energy use than conventional routes.,BARC,2018,Granted,,SYNTHETIC-DEMO,True
SYN-00274,paper,Selective geochemical survey and remote sensing approach for lithium exploration,This paper describes a geochemical survey and remote sensing approach for lithium exploration. Results indicate higher recovery and lower energy use than conventional routes.,IISc Bangalore,2022,Published,,SYNTHETIC-DEMO,True
SYN-00275,paper,Low-cost open-pit mining planning method for cobalt ore bodies,This paper describes a open-pit mining planning method for cobalt ore bodies. Results indicate higher recovery and lower energy use than conventional routes.,NMDC R&D Centre,2014,Published,,SYNTHETIC-DEMO,True
SYN-00276,patent,Scalable hydrometallurgy route using acid leaching and solvent extraction for rare earth refining,This patent describes a hydrometallurgy route using acid leaching and solvent extraction for rare earth refining. Results indicate higher recovery and lower energy use than conventional routes.,NFTDC,2023,Published,,SYNTHETIC-DEMO,True
SYN-00277,paper,Low-cost geochemical survey and remote sensing approach for lithium exploration,This paper describes a geochemical survey and remote sensing approach for lithium exploration. Results indicate higher recovery and lower energy use than conventional routes.,IIT (ISM) Dhanbad,2023,Published,,SYNTHETIC-DEMO,True
SYN-00278,patent,Low-cost nickel alloy and cathode materials for battery and magnet applications,This patent describes a nickel alloy and cathode materials for battery and magnet applications. Results indicate higher recovery and lower energy use than conventional routes.,IIT (ISM) Dhanbad,2025,Abandoned,,SYNTHETIC-DEMO,True
SYN-00279,patent,Scalable graphite alloy and cathode materials for battery and magnet applications,This patent describes a graphite alloy and cathode materials for battery and magnet applications. Results indicate higher recovery and lower energy use than conventional routes.,CSIR-NML,2022,Granted,,SYNTHETIC-DEMO,True
SYN-00280,patent,Energy-efficient graphite alloy and cathode materials for battery and magnet applications,This patent describes a graphite alloy and cathode materials for battery and magnet applications. Results indicate higher recovery and lower energy use than conventional routes.,IIT (ISM) Dhanbad,2023,Under examination,,SYNTHETIC-DEMO,True
SYN-00281,paper,Novel froth flotation and magnetic separation process for beneficiation of rare earth ore,This paper describes a froth flotation and magnetic separation process for beneficiation of rare earth ore. Results indicate higher recovery and lower energy use than conventional routes.,CSIR-IMMT,2025,Published,,SYNTHETIC-DEMO,True
SYN-00282,paper,Improved graphite alloy and cathode materials for battery and magnet applications,This paper describes a graphite alloy and cathode materials for battery and magnet applications. Results indicate higher recovery and lower energy use than conventional routes.,KABIL,2021,Published,,SYNTHETIC-DEMO,True
SYN-00283,patent,Low-cost hydrometallurgy route using acid leaching and solvent extraction for cobalt refining,This patent describes a hydrometallurgy route using acid leaching and solvent extraction for cobalt refining. Results indicate higher recovery and lower energy use than conventional routes.,CSIR-IMMT,2022,Published,,SYNTHETIC-DEMO,True
SYN-00284,paper,Improved graphite alloy and cathode materials for battery and magnet applications,This paper describes a graphite alloy and cathode materials for battery and magnet applications. Results indicate higher recovery and lower energy use than conventional routes.,IIT Madras,2020,Published,,SYNTHETIC-DEMO,True
SYN-00285,patent,Low-cost hydrometallurgy route using acid leaching and solvent extraction for nickel refining,This patent describes a hydrometallurgy route using acid leaching and solvent extraction for nickel refining. Results indicate higher recovery and lower energy use than conventional routes.,IIT Bombay,2015,Under examination,,SYNTHETIC-DEMO,True
SYN-00286,paper,Energy-efficient froth flotation and magnetic separation process for beneficiation of rare earth ore,This paper describes a froth flotation and magnetic separation process for beneficiation of rare earth ore. Results indicate higher recovery and lower energy use than conventional routes.,NFTDC,2017,Published,,SYNTHETIC-DEMO,True
SYN-00287,paper,Scalable recycling process for vanadium recovery from spent batteries and e-waste,This paper describes a recycling process for vanadium recovery from spent batteries and e-waste. Results indicate higher recovery and lower energy use than conventional routes.,NMDC R&D Centre,2018,Published,,SYNTHETIC-DEMO,True
SYN-00288,paper,Novel rare earth alloy and cathode materials for battery and magnet applications,This paper describes a rare earth alloy and cathode materials for battery and magnet applications. Results indicate higher recovery and lower energy use than conventional routes.,NMDC R&D Centre,2023,Published,,SYNTHETIC-DEMO,True
SYN-00289,paper,Low-cost froth flotation and magnetic separation process for beneficiation of lithium ore,This paper describes a froth flotation and magnetic separation process for beneficiation of lithium ore. Results indicate higher recovery and lower energy use than conventional routes.,IIT Madras,2023,Published,,SYNTHETIC-DEMO,True
SYN-00290,patent,Energy-efficient froth flotation and magnetic separation process for beneficiation of rare earth ore,This patent describes a froth flotation and magnetic separation process for beneficiation of rare earth ore. Results indicate higher recovery and lower energy use than conventional routes.,BARC,2014,Published,,SYNTHETIC-DEMO,True
SYN-00291,project,Low-cost froth flotation and magnetic separation process for beneficiation of graphite ore,This project describes a froth flotation and magnetic separation process for beneficiation of graphite ore. Results indicate higher recovery and lower energy use than conventional routes.,IIT (ISM) Dhanbad,2018,Completed,,SYNTHETIC-DEMO,True
SYN-00292,paper,Improved hydrometallurgy route using acid leaching and solvent extraction for rare earth refining,This paper describes a hydrometallurgy route using acid leaching and solvent extraction for rare earth refining. Results indicate higher recovery and lower energy use than conventional routes.,KABIL,2021,Published,,SYNTHETIC-DEMO,True
SYN-00293,paper,Novel open-pit mining planning method for graphite ore bodies,This paper describes a open-pit mining planning method for graphite ore bodies. Results indicate higher recovery and lower energy use than conventional routes.,IIT Bombay,2017,Published,,SYNTHETIC-DEMO,True
SYN-00294,patent,Scalable geochemical survey and remote sensing approach for lithium exploration,This patent describes a geochemical survey and remote sensing approach for lithium exploration. Results indicate higher recovery and lower energy use than conventional routes.,IIT (ISM) Dhanbad,2023,Published,,SYNTHETIC-DEMO,True
SYN-00295,project,Low-cost hydrometallurgy route using acid leaching and solvent extraction for lithium refining,This project describes a hydrometallurgy route using acid leaching and solvent extraction for lithium refining. Results indicate higher recovery and lower energy use than conventional routes.,NFTDC,2025,Ongoing,,SYNTHETIC-DEMO,True
SYN-00296,project,Selective hydrometallurgy route using acid leaching and solvent extraction for lithium refining,This project describes a hydrometallurgy route using acid leaching and solvent extraction for lithium refining. Results indicate higher recovery and lower energy use than conventional routes.,KABIL,2024,Ongoing,,SYNTHETIC-DEMO,True
SYN-00297,patent,Novel hydrometallurgy route using acid leaching and solvent extraction for vanadium refining,This patent describes a hydrometallurgy route using acid leaching and solvent extraction for vanadium refining. Results indicate higher recovery and lower energy use than conventional routes.,IIT Bombay,2021,Under examination,,SYNTHETIC-DEMO,True
SYN-00298,patent,Energy-efficient geochemical survey and remote sensing approach for lithium exploration,This patent describes a geochemical survey and remote sensing approach for lithium exploration. Results indicate higher recovery and lower energy use than conventional routes.,KABIL,2025,Published,,SYNTHETIC-DEMO,True
SYN-00299,patent,Scalable hydrometallurgy route using acid leaching and solvent extraction for cobalt refining,This patent describes a hydrometallurgy route using acid leaching and solvent extraction for cobalt refining. Results indicate higher recovery and lower energy use than conventional routes.,NMDC R&D Centre,2022,Under examination,,SYNTHETIC-DEMO,True
SYN-00300,paper,Energy-efficient recycling process for graphite recovery from spent batteries and e-waste,This paper describes a recycling process for graphite recovery from spent batteries and e-waste. Results indicate higher recovery and lower energy use than conventional routes.,NMDC R&D Centre,2017,Published,,SYNTHETIC-DEMO,True
SYN-00301,patent,Energy-efficient lithium alloy and cathode materials for battery and magnet applications,This patent describes a lithium alloy and cathode materials for battery and magnet applications. Results indicate higher recovery and lower energy use than conventional routes.,CSIR-IMMT,2021,Published,,SYNTHETIC-DEMO,True
SYN-00302,paper,Selective froth flotation and magnetic separation process for beneficiation of cobalt ore,This paper describes a froth flotation and magnetic separation process for beneficiation of cobalt ore. Results indicate higher recovery and lower energy use than conventional routes.,BARC,2014,Published,,SYNTHETIC-DEMO,True
SYN-00303,patent,Energy-efficient rare earth alloy and cathode materials for battery and magnet applications,This patent describes a rare earth alloy and cathode materials for battery and magnet applications. Results indicate higher recovery and lower energy use than conventional routes.,CSIR-IMMT,2022,Under examination,,SYNTHETIC-DEMO,True
SYN-00304,paper,Selective lithium alloy and cathode materials for battery and magnet applications,This paper describes a lithium alloy and cathode materials for battery and magnet applications. Results indicate higher recovery and lower energy use than conventional routes.,CSIR-IMMT,2017,Published,,SYNTHETIC-DEMO,True
SYN-00305,paper,Energy-efficient froth flotation and magnetic separation process for beneficiation of rare earth ore,This paper describes a froth flotation and magnetic separation process for beneficiation of rare earth ore. Results indicate higher recovery and lower energy use than conventional routes.,BARC,2014,Published,,SYNTHETIC-DEMO,True
SYN-00306,paper,Selective lithium alloy and cathode materials for battery and magnet applications,This paper describes a lithium alloy and cathode materials for battery and magnet applications. Results indicate higher recovery and lower energy use than conventional routes.,IIT Madras,2018,Published,,SYNTHETIC-DEMO,True
SYN-00307,patent,Scalable lithium alloy and cathode materials for battery and magnet applications,This patent describes a lithium alloy and cathode materials for battery and magnet applications. Results indicate higher recovery and lower energy use than conventional routes.,CSIR-IMMT,2023,Published,,SYNTHETIC-DEMO,True
SYN-00308,paper,Scalable geochemical survey and remote sensing approach for lithium exploration,This paper describes a geochemical survey and remote sensing approach for lithium exploration. Results indicate higher recovery and lower energy use than conventional routes.,IISc Bangalore,2016,Published,,SYNTHETIC-DEMO,True
SYN-00309,paper,Low-cost hydrometallurgy route using acid leaching and solvent extraction for vanadium refining,This paper describes a hydrometallurgy route using acid leaching and solvent extraction for vanadium refining. Results indicate higher recovery and lower energy use than conventional routes.,NFTDC,2023,Published,,SYNTHETIC-DEMO,True
SYN-00310,project,Improved geochemical survey and remote sensing approach for lithium exploration,This project describes a geochemical survey and remote sensing approach for lithium exploration. Results indicate higher recovery and lower energy use than conventional routes.,KABIL,2022,Ongoing,,SYNTHETIC-DEMO,True
SYN-00311,project,Energy-efficient open-pit mining planning method for nickel ore bodies,This project describes a open-pit mining planning method for nickel ore bodies. Results indicate higher recovery and lower energy use than conventional routes.,IIT Bombay,2025,Completed,,SYNTHETIC-DEMO,True
SYN-00312,paper,Scalable open-pit mining planning method for rare earth ore bodies,This paper describes a open-pit mining planning method for rare earth ore bodies. Results indicate higher recovery and lower energy use than conventional routes.,IIT Bombay,2013,Published,,SYNTHETIC-DEMO,True
SYN-00313,paper,Novel hydrometallurgy route using acid leaching and solvent extraction for rare earth refining,This paper describes a hydrometallurgy route using acid leaching and solvent extraction for rare earth refining. Results indicate higher recovery and lower energy use than conventional routes.,KABIL,2022,Published,,SYNTHETIC-DEMO,True
SYN-00314,patent,Novel hydrometallurgy route using acid leaching and solvent extraction for lithium refining,This patent describes a hydrometallurgy route using acid leaching and solvent extraction for lithium refining. Results indicate higher recovery and lower energy use than conventional routes.,CSIR-NML,2017,Published,,SYNTHETIC-DEMO,True
SYN-00315,patent,Improved lithium alloy and cathode materials for battery and magnet applications,This patent describes a lithium alloy and cathode materials for battery and magnet applications. Results indicate higher recovery and lower energy use than conventional routes.,IIT Bombay,2017,Abandoned,,SYNTHETIC-DEMO,True
SYN-00316,paper,Energy-efficient lithium alloy and cathode materials for battery and magnet applications,This paper describes a lithium alloy and cathode materials for battery and magnet applications. Results indicate higher recovery and lower energy use than conventional routes.,IIT (ISM) Dhanbad,2013,Published,,SYNTHETIC-DEMO,True
SYN-00317,patent,Selective open-pit mining planning method for lithium ore bodies,This patent describes a open-pit mining planning method for lithium ore bodies. Results indicate higher recovery and lower energy use than conventional routes.,NMDC R&D Centre,2017,Granted,,SYNTHETIC-DEMO,True
SYN-00318,project,Selective hydrometallurgy route using acid leaching and solvent extraction for lithium refining,This project describes a hydrometallurgy route using acid leaching and solvent extraction for lithium refining. Results indicate higher recovery and lower energy use than conventional routes.,KABIL,2025,Completed,,SYNTHETIC-DEMO,True
SYN-00319,paper,Scalable hydrometallurgy route using acid leaching and solvent extraction for vanadium refining,This paper describes a hydrometallurgy route using acid leaching and solvent extraction for vanadium refining. Results indicate higher recovery and lower energy use than conventional routes.,CSIR-NML,2019,Published,,SYNTHETIC-DEMO,True
SYN-00320,paper,Low-cost hydrometallurgy route using acid leaching and solvent extraction for rare earth refining,This paper describes a hydrometallurgy route using acid leaching and solvent extraction for rare earth refining. Results indicate higher recovery and lower energy use than conventional routes.,KABIL,2015,Published,,SYNTHETIC-DEMO,True
SYN-00321,paper,Improved open-pit mining planning method for nickel ore bodies,This paper describes a open-pit mining planning method for nickel ore bodies. Results indicate higher recovery and lower energy use than conventional routes.,IIT Bombay,2025,Published,,SYNTHETIC-DEMO,True
SYN-00322,paper,Energy-efficient graphite alloy and cathode materials for battery and magnet applications,This paper describes a graphite alloy and cathode materials for battery and magnet applications. Results indicate higher recovery and lower energy use than conventional routes.,IIT Madras,2019,Published,,SYNTHETIC-DEMO,True
SYN-00323,paper,Scalable froth flotation and magnetic separation process for beneficiation of graphite ore,This paper describes a froth flotation and magnetic separation process for beneficiation of graphite ore. Results indicate higher recovery and lower energy use than conventional routes.,IIT Kharagpur,2019,Published,,SYNTHETIC-DEMO,True
SYN-00324,paper,Low-cost hydrometallurgy route using acid leaching and solvent extraction for lithium refining,This paper describes a hydrometallurgy route using acid leaching and solvent extraction for lithium refining. Results indicate higher recovery and lower energy use than conventional routes.,NFTDC,2014,Published,,SYNTHETIC-DEMO,True
SYN-00325,patent,Novel geochemical survey and remote sensing approach for rare earth exploration,This patent describes a geochemical survey and remote sensing approach for rare earth exploration. Results indicate higher recovery and lower energy use than conventional routes.,CSIR-IMMT,2021,Under examination,,SYNTHETIC-DEMO,True
SYN-00326,paper,Selective recycling process for graphite recovery from spent batteries and e-waste,This paper describes a recycling process for graphite recovery from spent batteries and e-waste. Results indicate higher recovery and lower energy use than conventional routes.,IREL,2015,Published,,SYNTHETIC-DEMO,True
SYN-00327,paper,Scalable open-pit mining planning method for graphite ore bodies,This paper describes a open-pit mining planning method for graphite ore bodies. Results indicate higher recovery and lower energy use than conventional routes.,IIT Madras,2021,Published,,SYNTHETIC-DEMO,True
SYN-00328,patent,Energy-efficient graphite alloy and cathode materials for battery and magnet applications,This patent describes a graphite alloy and cathode materials for battery and magnet applications. Results indicate higher recovery and lower energy use than conventional routes.,IIT Madras,2021,Published,,SYNTHETIC-DEMO,True
SYN-00329,paper,Energy-efficient lithium alloy and cathode materials for battery and magnet applications,This paper describes a lithium alloy and cathode materials for battery and magnet applications. Results indicate higher recovery and lower energy use than conventional routes.,CSIR-NML,2013,Published,,SYNTHETIC-DEMO,True
SYN-00330,paper,Low-cost froth flotation and magnetic separation process for beneficiation of rare earth ore,This paper describes a froth flotation and magnetic separation process for beneficiation of rare earth ore. Results indicate higher recovery and lower energy use than conventional routes.,IREL,2016,Published,,SYNTHETIC-DEMO,True
SYN-00331,patent,Improved hydrometallurgy route using acid leaching and solvent extraction for rare earth refining,This patent describes a hydrometallurgy route using acid leaching and solvent extraction for rare earth refining. Results indicate higher recovery and lower energy use than conventional routes.,KABIL,2013,Granted,,SYNTHETIC-DEMO,True
SYN-00332,patent,Scalable hydrometallurgy route using acid leaching and solvent extraction for rare earth refining,This patent describes a hydrometallurgy route using acid leaching and solvent extraction for rare earth refining. Results indicate higher recovery and lower energy use than conventional routes.,IISc Bangalore,2018,Published,,SYNTHETIC-DEMO,True
SYN-00333,patent,Selective geochemical survey and remote sensing approach for nickel exploration,This patent describes a geochemical survey and remote sensing approach for nickel exploration. Results indicate higher recovery and lower energy use than conventional routes.,KABIL,2017,Under examination,,SYNTHETIC-DEMO,True
SYN-00334,patent,Scalable froth flotation and magnetic separation process for beneficiation of rare earth ore,This patent describes a froth flotation and magnetic separation process for beneficiation of rare earth ore. Results indicate higher recovery and lower energy use than conventional routes.,CSIR-NML,2024,Granted,,SYNTHETIC-DEMO,True
SYN-00335,paper,Energy-efficient vanadium alloy and cathode materials for battery and magnet applications,This paper describes a vanadium alloy and cathode materials for battery and magnet applications. Results indicate higher recovery and lower energy use than conventional routes.,NFTDC,2024,Published,,SYNTHETIC-DEMO,True
SYN-00336,paper,Low-cost open-pit mining planning method for rare earth ore bodies,This paper describes a open-pit mining planning method for rare earth ore bodies. Results indicate higher recovery and lower energy use than conventional routes.,IIT Kharagpur,2017,Published,,SYNTHETIC-DEMO,True
SYN-00337,paper,Low-cost hydrometallurgy route using acid leaching and solvent extraction for vanadium refining,This paper describes a hydrometallurgy route using acid leaching and solvent extraction for vanadium refining. Results indicate higher recovery and lower energy use than conventional routes.,NFTDC,2012,Published,,SYNTHETIC-DEMO,True
SYN-00338,project,Novel geochemical survey and remote sensing approach for graphite exploration,This project describes a geochemical survey and remote sensing approach for graphite exploration. Results indicate higher recovery and lower energy use than conventional routes.,KABIL,2024,Ongoing,,SYNTHETIC-DEMO,True
SYN-00339,paper,Low-cost lithium alloy and cathode materials for battery and magnet applications,This paper describes a lithium alloy and cathode materials for battery and magnet applications. Results indicate higher recovery and lower energy use than conventional routes.,IIT Madras,2021,Published,,SYNTHETIC-DEMO,True
SYN-00340,patent,Low-cost geochemical survey and remote sensing approach for lithium exploration,This patent describes a geochemical survey and remote sensing approach for lithium exploration. Results indicate higher recovery and lower energy use than conventional routes.,KABIL,2020,Under examination,,SYNTHETIC-DEMO,True
SYN-00341,patent,Energy-efficient vanadium alloy and cathode materials for battery and magnet applications,This patent describes a vanadium alloy and cathode materials for battery and magnet applications. Results indicate higher recovery and lower energy use than conventional routes.,IIT Kharagpur,2015,Abandoned,,SYNTHETIC-DEMO,True
SYN-00342,patent,Scalable open-pit mining planning method for graphite ore bodies,This patent describes a open-pit mining planning method for graphite ore bodies. Results indicate higher recovery and lower energy use than conventional routes.,IIT (ISM) Dhanbad,2016,Granted,,SYNTHETIC-DEMO,True
SYN-00343,paper,Low-cost froth flotation and magnetic separation process for beneficiation of cobalt ore,This paper describes a froth flotation and magnetic separation process for beneficiation of cobalt ore. Results indicate higher recovery and lower energy use than conventional routes.,IIT Bombay,2023,Published,,SYNTHETIC-DEMO,True
SYN-00344,paper,Scalable froth flotation and magnetic separation process for beneficiation of rare earth ore,This paper describes a froth flotation and magnetic separation process for beneficiation of rare earth ore. Results indicate higher recovery and lower energy use than conventional routes.,IREL,2020,Published,,SYNTHETIC-DEMO,True
SYN-00345,paper,Novel cobalt alloy and cathode materials for battery and magnet applications,This paper describes a cobalt alloy and cathode materials for battery and magnet applications. Results indicate higher recovery and lower energy use than conventional routes.,CSIR-IMMT,2023,Published,,SYNTHETIC-DEMO,True
SYN-00346,patent,Energy-efficient lithium alloy and cathode materials for battery and magnet applications,This patent describes a lithium alloy and cathode materials for battery and magnet applications. Results indicate higher recovery and lower energy use than conventional routes.,CSIR-IMMT,2019,Published,,SYNTHETIC-DEMO,True
SYN-00347,patent,Selective lithium alloy and cathode materials for battery and magnet applications,This patent describes a lithium alloy and cathode materials for battery and magnet applications. Results indicate higher recovery and lower energy use than conventional routes.,KABIL,2020,Granted,,SYNTHETIC-DEMO,True
SYN-00348,patent,Selective geochemical survey and remote sensing approach for vanadium exploration,This patent describes a geochemical survey and remote sensing approach for vanadium exploration. Results indicate higher recovery and lower energy use than conventional routes.,IIT Kharagpur,2025,Published,,SYNTHETIC-DEMO,True
SYN-00349,patent,Selective lithium alloy and cathode materials for battery and magnet applications,This patent describes a lithium alloy and cathode materials for battery and magnet applications. Results indicate higher recovery and lower energy use than conventional routes.,IISc Bangalore,2020,Granted,,SYNTHETIC-DEMO,True
SYN-00350,paper,Novel froth flotation and magnetic separation process for beneficiation of lithium ore,This paper describes a froth flotation and magnetic separation process for beneficiation of lithium ore. Results indicate higher recovery and lower energy use than conventional routes.,CSIR-IMMT,2020,Published,,SYNTHETIC-DEMO,True
SYN-00351,paper,Scalable recycling process for lithium recovery from spent batteries and e-waste,This paper describes a recycling process for lithium recovery from spent batteries and e-waste. Results indicate higher recovery and lower energy use than conventional routes.,IIT Kharagpur,2024,Published,,SYNTHETIC-DEMO,True
SYN-00352,project,Improved hydrometallurgy route using acid leaching and solvent extraction for vanadium refining,This project describes a hydrometallurgy route using acid leaching and solvent extraction for vanadium refining. Results indicate higher recovery and lower energy use than conventional routes.,IIT Bombay,2020,Ongoing,,SYNTHETIC-DEMO,True
SYN-00353,patent,Low-cost hydrometallurgy route using acid leaching and solvent extraction for cobalt refining,This patent describes a hydrometallurgy route using acid leaching and solvent extraction for cobalt refining. Results indicate higher recovery and lower energy use than conventional routes.,KABIL,2021,Published,,SYNTHETIC-DEMO,True
SYN-00354,patent,Low-cost lithium alloy and cathode materials for battery and magnet applications,This patent describes a lithium alloy and cathode materials for battery and magnet applications. Results indicate higher recovery and lower energy use than conventional routes.,IIT (ISM) Dhanbad,2023,Published,,SYNTHETIC-DEMO,True
SYN-00355,patent,Novel froth flotation and magnetic separation process for beneficiation of graphite ore,This patent describes a froth flotation and magnetic separation process for beneficiation of graphite ore. Results indicate higher recovery and lower energy use than conventional routes.,BARC,2013,Granted,,SYNTHETIC-DEMO,True
SYN-00356,patent,Improved graphite alloy and cathode materials for battery and magnet applications,This patent describes a graphite alloy and cathode materials for battery and magnet applications. Results indicate higher recovery and lower energy use than conventional routes.,IIT Madras,2019,Published,,SYNTHETIC-DEMO,True
SYN-00357,project,Selective open-pit mining planning method for nickel ore bodies,This project describes a open-pit mining planning method for nickel ore bodies. Results indicate higher recovery and lower energy use than conventional routes.,BARC,2025,Ongoing,,SYNTHETIC-DEMO,True
SYN-00358,project,Low-cost nickel alloy and cathode materials for battery and magnet applications,This project describes a nickel alloy and cathode materials for battery and magnet applications. Results indicate higher recovery and lower energy use than conventional routes.,IIT Bombay,2025,Completed,,SYNTHETIC-DEMO,True
SYN-00359,patent,Energy-efficient geochemical survey and remote sensing approach for nickel exploration,This patent describes a geochemical survey and remote sensing approach for nickel exploration. Results indicate higher recovery and lower energy use than conventional routes.,CSIR-NML,2014,Published,,SYNTHETIC-DEMO,True
SYN-00360,paper,Selective lithium alloy and cathode materials for battery and magnet applications,This paper describes a lithium alloy and cathode materials for battery and magnet applications. Results indicate higher recovery and lower energy use than conventional routes.,IIT (ISM) Dhanbad,2023,Published,,SYNTHETIC-DEMO,True
SYN-00361,patent,Selective geochemical survey and remote sensing approach for rare earth exploration,This patent describes a geochemical survey and remote sensing approach for rare earth exploration. Results indicate higher recovery and lower energy use than conventional routes.,BARC,2023,Published,,SYNTHETIC-DEMO,True
SYN-00362,patent,Low-cost graphite alloy and cathode materials for battery and magnet applications,This patent describes a graphite alloy and cathode materials for battery and magnet applications. Results indicate higher recovery and lower energy use than conventional routes.,NFTDC,2017,Granted,,SYNTHETIC-DEMO,True
SYN-00363,project,Low-cost graphite alloy and cathode materials for battery and magnet applications,This project describes a graphite alloy and cathode materials for battery and magnet applications. Results indicate higher recovery and lower energy use than conventional routes.,IIT Madras,2022,Completed,,SYNTHETIC-DEMO,True
SYN-00364,paper,Selective hydrometallurgy route using acid leaching and solvent extraction for lithium refining,This paper describes a hydrometallurgy route using acid leaching and solvent extraction for lithium refining. Results indicate higher recovery and lower energy use than conventional routes.,KABIL,2013,Published,,SYNTHETIC-DEMO,True
SYN-00365,project,Improved hydrometallurgy route using acid leaching and solvent extraction for cobalt refining,This project describes a hydrometallurgy route using acid leaching and solvent extraction for cobalt refining. Results indicate higher recovery and lower energy use than conventional routes.,IIT Bombay,2019,Ongoing,,SYNTHETIC-DEMO,True
SYN-00366,patent,Energy-efficient hydrometallurgy route using acid leaching and solvent extraction for lithium refining,This patent describes a hydrometallurgy route using acid leaching and solvent extraction for lithium refining. Results indicate higher recovery and lower energy use than conventional routes.,CSIR-NML,2024,Abandoned,,SYNTHETIC-DEMO,True
SYN-00367,patent,Scalable lithium alloy and cathode materials for battery and magnet applications,This patent describes a lithium alloy and cathode materials for battery and magnet applications. Results indicate higher recovery and lower energy use than conventional routes.,IIT (ISM) Dhanbad,2022,Published,,SYNTHETIC-DEMO,True
SYN-00368,paper,Low-cost lithium alloy and cathode materials for battery and magnet applications,This paper describes a lithium alloy and cathode materials for battery and magnet applications. Results indicate higher recovery and lower energy use than conventional routes.,IIT (ISM) Dhanbad,2017,Published,,SYNTHETIC-DEMO,True
SYN-00369,patent,Energy-efficient hydrometallurgy route using acid leaching and solvent extraction for cobalt refining,This patent describes a hydrometallurgy route using acid leaching and solvent extraction for cobalt refining. Results indicate higher recovery and lower energy use than conventional routes.,NFTDC,2025,Under examination,,SYNTHETIC-DEMO,True
SYN-00370,patent,Scalable hydrometallurgy route using acid leaching and solvent extraction for nickel refining,This patent describes a hydrometallurgy route using acid leaching and solvent extraction for nickel refining. Results indicate higher recovery and lower energy use than conventional routes.,KABIL,2023,Published,,SYNTHETIC-DEMO,True
SYN-00371,project,Scalable cobalt alloy and cathode materials for battery and magnet applications,This project describes a cobalt alloy and cathode materials for battery and magnet applications. Results indicate higher recovery and lower energy use than conventional routes.,IIT Kharagpur,2021,Completed,,SYNTHETIC-DEMO,True
SYN-00372,patent,Scalable hydrometallurgy route using acid leaching and solvent extraction for graphite refining,This patent describes a hydrometallurgy route using acid leaching and solvent extraction for graphite refining. Results indicate higher recovery and lower energy use than conventional routes.,IREL,2013,Published,,SYNTHETIC-DEMO,True
SYN-00373,paper,Improved geochemical survey and remote sensing approach for lithium exploration,This paper describes a geochemical survey and remote sensing approach for lithium exploration. Results indicate higher recovery and lower energy use than conventional routes.,NMDC R&D Centre,2019,Published,,SYNTHETIC-DEMO,True
SYN-00374,patent,Novel geochemical survey and remote sensing approach for rare earth exploration,This patent describes a geochemical survey and remote sensing approach for rare earth exploration. Results indicate higher recovery and lower energy use than conventional routes.,IIT (ISM) Dhanbad,2021,Abandoned,,SYNTHETIC-DEMO,True
SYN-00375,patent,Low-cost hydrometallurgy route using acid leaching and solvent extraction for cobalt refining,This patent describes a hydrometallurgy route using acid leaching and solvent extraction for cobalt refining. Results indicate higher recovery and lower energy use than conventional routes.,NFTDC,2017,Published,,SYNTHETIC-DEMO,True
SYN-00376,project,Scalable hydrometallurgy route using acid leaching and solvent extraction for rare earth refining,This project describes a hydrometallurgy route using acid leaching and solvent extraction for rare earth refining. Results indicate higher recovery and lower energy use than conventional routes.,NFTDC,2018,Ongoing,,SYNTHETIC-DEMO,True
SYN-00377,patent,Low-cost froth flotation and magnetic separation process for beneficiation of graphite ore,This patent describes a froth flotation and magnetic separation process for beneficiation of graphite ore. Results indicate higher recovery and lower energy use than conventional routes.,IIT Kharagpur,2022,Published,,SYNTHETIC-DEMO,True
SYN-00378,project,Improved rare earth alloy and cathode materials for battery and magnet applications,This project describes a rare earth alloy and cathode materials for battery and magnet applications. Results indicate higher recovery and lower energy use than conventional routes.,NFTDC,2017,Ongoing,,SYNTHETIC-DEMO,True
SYN-00379,paper,Scalable cobalt alloy and cathode materials for battery and magnet applications,This paper describes a cobalt alloy and cathode materials for battery and magnet applications. Results indicate higher recovery and lower energy use than conventional routes.,IIT Madras,2021,Published,,SYNTHETIC-DEMO,True
SYN-00380,paper,Selective vanadium alloy and cathode materials for battery and magnet applications,This paper describes a vanadium alloy and cathode materials for battery and magnet applications. Results indicate higher recovery and lower energy use than conventional routes.,IIT Kharagpur,2014,Published,,SYNTHETIC-DEMO,True
SYN-00381,patent,Novel geochemical survey and remote sensing approach for rare earth exploration,This patent describes a geochemical survey and remote sensing approach for rare earth exploration. Results indicate higher recovery and lower energy use than conventional routes.,KABIL,2019,Published,,SYNTHETIC-DEMO,True
SYN-00382,paper,Low-cost hydrometallurgy route using acid leaching and solvent extraction for cobalt refining,This paper describes a hydrometallurgy route using acid leaching and solvent extraction for cobalt refining. Results indicate higher recovery and lower energy use than conventional routes.,NFTDC,2021,Published,,SYNTHETIC-DEMO,True
SYN-00383,paper,Energy-efficient froth flotation and magnetic separation process for beneficiation of lithium ore,This paper describes a froth flotation and magnetic separation process for beneficiation of lithium ore. Results indicate higher recovery and lower energy use than conventional routes.,CSIR-IMMT,2020,Published,,SYNTHETIC-DEMO,True
SYN-00384,paper,Scalable hydrometallurgy route using acid leaching and solvent extraction for lithium refining,This paper describes a hydrometallurgy route using acid leaching and solvent extraction for lithium refining. Results indicate higher recovery and lower energy use than conventional routes.,NFTDC,2013,Published,,SYNTHETIC-DEMO,True
SYN-00385,paper,Novel geochemical survey and remote sensing approach for graphite exploration,This paper describes a geochemical survey and remote sensing approach for graphite exploration. Results indicate higher recovery and lower energy use than conventional routes.,KABIL,2023,Published,,SYNTHETIC-DEMO,True
SYN-00386,paper,Low-cost hydrometallurgy route using acid leaching and solvent extraction for lithium refining,This paper describes a hydrometallurgy route using acid leaching and solvent extraction for lithium refining. Results indicate higher recovery and lower energy use than conventional routes.,CSIR-NML,2025,Published,,SYNTHETIC-DEMO,True
SYN-00387,project,Energy-efficient hydrometallurgy route using acid leaching and solvent extraction for cobalt refining,This project describes a hydrometallurgy route using acid leaching and solvent extraction for cobalt refining. Results indicate higher recovery and lower energy use than conventional routes.,CSIR-NML,2022,Ongoing,,SYNTHETIC-DEMO,True
SYN-00388,patent,Selective graphite alloy and cathode materials for battery and magnet applications,This patent describes a graphite alloy and cathode materials for battery and magnet applications. Results indicate higher recovery and lower energy use than conventional routes.,IISc Bangalore,2023,Published,,SYNTHETIC-DEMO,True
SYN-00389,patent,Improved geochemical survey and remote sensing approach for lithium exploration,This patent describes a geochemical survey and remote sensing approach for lithium exploration. Results indicate higher recovery and lower energy use than conventional routes.,KABIL,2024,Published,,SYNTHETIC-DEMO,True
SYN-00390,paper,Novel graphite alloy and cathode materials for battery and magnet applications,This paper describes a graphite alloy and cathode materials for battery and magnet applications. Results indicate higher recovery and lower energy use than conventional routes.,IISc Bangalore,2021,Published,,SYNTHETIC-DEMO,True
SYN-00391,patent,Improved geochemical survey and remote sensing approach for lithium exploration,This patent describes a geochemical survey and remote sensing approach for lithium exploration. Results indicate higher recovery and lower energy use than conventional routes.,CSIR-NML,2023,Under examination,,SYNTHETIC-DEMO,True
SYN-00392,paper,Selective hydrometallurgy route using acid leaching and solvent extraction for vanadium refining,This paper describes a hydrometallurgy route using acid leaching and solvent extraction for vanadium refining. Results indicate higher recovery and lower energy use than conventional routes.,CSIR-NML,2019,Published,,SYNTHETIC-DEMO,True
SYN-00393,patent,Improved froth flotation and magnetic separation process for beneficiation of nickel ore,This patent describes a froth flotation and magnetic separation process for beneficiation of nickel ore. Results indicate higher recovery and lower energy use than conventional routes.,CSIR-IMMT,2021,Published,,SYNTHETIC-DEMO,True
SYN-00394,paper,Selective hydrometallurgy route using acid leaching and solvent extraction for rare earth refining,This paper describes a hydrometallurgy route using acid leaching and solvent extraction for rare earth refining. Results indicate higher recovery and lower energy use than conventional routes.,IIT Madras,2023,Published,,SYNTHETIC-DEMO,True
SYN-00395,patent,Novel open-pit mining planning method for nickel ore bodies,This patent describes a open-pit mining planning method for nickel ore bodies. Results indicate higher recovery and lower energy use than conventional routes.,NMDC R&D Centre,2018,Granted,,SYNTHETIC-DEMO,True
SYN-00396,patent,Improved recycling process for nickel recovery from spent batteries and e-waste,This patent describes a recycling process for nickel recovery from spent batteries and e-waste. Results indicate higher recovery and lower energy use than conventional routes.,BARC,2024,Granted,,SYNTHETIC-DEMO,True
SYN-00397,patent,Selective recycling process for lithium recovery from spent batteries and e-waste,This patent describes a recycling process for lithium recovery from spent batteries and e-waste. Results indicate higher recovery and lower energy use than conventional routes.,IISc Bangalore,2025,Published,,SYNTHETIC-DEMO,True
SYN-00398,patent,Scalable lithium alloy and cathode materials for battery and magnet applications,This patent describes a lithium alloy and cathode materials for battery and magnet applications. Results indicate higher recovery and lower energy use than conventional routes.,IISc Bangalore,2017,Published,,SYNTHETIC-DEMO,True
SYN-00399,paper,Low-cost recycling process for lithium recovery from spent batteries and e-waste,This paper describes a recycling process for lithium recovery from spent batteries and e-waste. Results indicate higher recovery and lower energy use than conventional routes.,IREL,2025,Published,,SYNTHETIC-DEMO,True
SYN-00400,project,Improved froth flotation and magnetic separation process for beneficiation of rare earth ore,This project describes a froth flotation and magnetic separation process for beneficiation of rare earth ore. Results indicate higher recovery and lower energy use than conventional routes.,NMDC R&D Centre,2016,Completed,,SYNTHETIC-DEMO,True
SYN-00401,project,Selective froth flotation and magnetic separation process for beneficiation of vanadium ore,This project describes a froth flotation and magnetic separation process for beneficiation of vanadium ore. Results indicate higher recovery and lower energy use than conventional routes.,BARC,2019,Completed,,SYNTHETIC-DEMO,True
SYN-00402,patent,Scalable recycling process for lithium recovery from spent batteries and e-waste,This patent describes a recycling process for lithium recovery from spent batteries and e-waste. Results indicate higher recovery and lower energy use than conventional routes.,IREL,2023,Published,,SYNTHETIC-DEMO,True
SYN-00403,patent,Scalable open-pit mining planning method for rare earth ore bodies,This patent describes a open-pit mining planning method for rare earth ore bodies. Results indicate higher recovery and lower energy use than conventional routes.,IIT Kharagpur,2024,Published,,SYNTHETIC-DEMO,True
SYN-00404,patent,Energy-efficient froth flotation and magnetic separation process for beneficiation of nickel ore,This patent describes a froth flotation and magnetic separation process for beneficiation of nickel ore. Results indicate higher recovery and lower energy use than conventional routes.,IIT Bombay,2019,Under examination,,SYNTHETIC-DEMO,True
SYN-00405,patent,Improved open-pit mining planning method for cobalt ore bodies,This patent describes a open-pit mining planning method for cobalt ore bodies. Results indicate higher recovery and lower energy use than conventional routes.,NMDC R&D Centre,2020,Granted,,SYNTHETIC-DEMO,True
SYN-00406,paper,Energy-efficient cobalt alloy and cathode materials for battery and magnet applications,This paper describes a cobalt alloy and cathode materials for battery and magnet applications. Results indicate higher recovery and lower energy use than conventional routes.,IIT (ISM) Dhanbad,2013,Published,,SYNTHETIC-DEMO,True
SYN-00407,paper,Energy-efficient rare earth alloy and cathode materials for battery and magnet applications,This paper describes a rare earth alloy and cathode materials for battery and magnet applications. Results indicate higher recovery and lower energy use than conventional routes.,IIT Kharagpur,2021,Published,,SYNTHETIC-DEMO,True
SYN-00408,paper,Improved nickel alloy and cathode materials for battery and magnet applications,This paper describes a nickel alloy and cathode materials for battery and magnet applications. Results indicate higher recovery and lower energy use than conventional routes.,IIT Kharagpur,2017,Published,,SYNTHETIC-DEMO,True
SYN-00409,patent,Novel froth flotation and magnetic separation process for beneficiation of nickel ore,This patent describes a froth flotation and magnetic separation process for beneficiation of nickel ore. Results indicate higher recovery and lower energy use than conventional routes.,NMDC R&D Centre,2023,Under examination,,SYNTHETIC-DEMO,True
SYN-00410,patent,Improved froth flotation and magnetic separation process for beneficiation of rare earth ore,This patent describes a froth flotation and magnetic separation process for beneficiation of rare earth ore. Results indicate higher recovery and lower energy use than conventional routes.,IREL,2022,Published,,SYNTHETIC-DEMO,True
SYN-00411,patent,Improved hydrometallurgy route using acid leaching and solvent extraction for lithium refining,This patent describes a hydrometallurgy route using acid leaching and solvent extraction for lithium refining. Results indicate higher recovery and lower energy use than conventional routes.,IISc Bangalore,2025,Under examination,,SYNTHETIC-DEMO,True
SYN-00412,paper,Novel open-pit mining planning method for rare earth ore bodies,This paper describes a open-pit mining planning method for rare earth ore bodies. Results indicate higher recovery and lower energy use than conventional routes.,IIT Bombay,2023,Published,,SYNTHETIC-DEMO,True
SYN-00413,patent,Low-cost rare earth alloy and cathode materials for battery and magnet applications,This patent describes a rare earth alloy and cathode materials for battery and magnet applications. Results indicate higher recovery and lower energy use than conventional routes.,CSIR-IMMT,2012,Published,,SYNTHETIC-DEMO,True
SYN-00414,patent,Improved lithium alloy and cathode materials for battery and magnet applications,This patent describes a lithium alloy and cathode materials for battery and magnet applications. Results indicate higher recovery and lower energy use than conventional routes.,IIT (ISM) Dhanbad,2022,Under examination,,SYNTHETIC-DEMO,True
SYN-00415,patent,Low-cost hydrometallurgy route using acid leaching and solvent extraction for nickel refining,This patent describes a hydrometallurgy route using acid leaching and solvent extraction for nickel refining. Results indicate higher recovery and lower energy use than conventional routes.,KABIL,2012,Under examination,,SYNTHETIC-DEMO,True
SYN-00416,paper,Low-cost open-pit mining planning method for cobalt ore bodies,This paper describes a open-pit mining planning method for cobalt ore bodies. Results indicate higher recovery and lower energy use than conventional routes.,IIT (ISM) Dhanbad,2021,Published,,SYNTHETIC-DEMO,True
SYN-00417,paper,Improved lithium alloy and cathode materials for battery and magnet applications,This paper describes a lithium alloy and cathode materials for battery and magnet applications. Results indicate higher recovery and lower energy use than conventional routes.,IIT Madras,2020,Published,,SYNTHETIC-DEMO,True
SYN-00418,paper,Low-cost open-pit mining planning method for nickel ore bodies,This paper describes a open-pit mining planning method for nickel ore bodies. Results indicate higher recovery and lower energy use than conventional routes.,CSIR-NML,2023,Published,,SYNTHETIC-DEMO,True
SYN-00419,patent,Low-cost geochemical survey and remote sensing approach for cobalt exploration,This patent describes a geochemical survey and remote sensing approach for cobalt exploration. Results indicate higher recovery and lower energy use than conventional routes.,NFTDC,2022,Published,,SYNTHETIC-DEMO,True
SYN-00420,paper,Novel graphite alloy and cathode materials for battery and magnet applications,This paper describes a graphite alloy and cathode materials for battery and magnet applications. Results indicate higher recovery and lower energy use than conventional routes.,IIT Kharagpur,2019,Published,,SYNTHETIC-DEMO,True
SYN-00421,patent,Novel open-pit mining planning method for graphite ore bodies,This patent describes a open-pit mining planning method for graphite ore bodies. Results indicate higher recovery and lower energy use than conventional routes.,IIT Bombay,2023,Published,,SYNTHETIC-DEMO,True
SYN-00422,patent,Novel lithium alloy and cathode materials for battery and magnet applications,This patent describes a lithium alloy and cathode materials for battery and magnet applications. Results indicate higher recovery and lower energy use than conventional routes.,IIT Madras,2018,Granted,,SYNTHETIC-DEMO,True
SYN-00423,patent,Scalable graphite alloy and cathode materials for battery and magnet applications,This patent describes a graphite alloy and cathode materials for battery and magnet applications. Results indicate higher recovery and lower energy use than conventional routes.,IIT Kharagpur,2016,Granted,,SYNTHETIC-DEMO,True
SYN-00424,patent,Low-cost open-pit mining planning method for lithium ore bodies,This patent describes a open-pit mining planning method for lithium ore bodies. Results indicate higher recovery and lower energy use than conventional routes.,IIT Bombay,2020,Under examination,,SYNTHETIC-DEMO,True
SYN-00425,patent,Improved hydrometallurgy route using acid leaching and solvent extraction for lithium refining,This patent describes a hydrometallurgy route using acid leaching and solvent extraction for lithium refining. Results indicate higher recovery and lower energy use than conventional routes.,NMDC R&D Centre,2025,Published,,SYNTHETIC-DEMO,True
SYN-00426,patent,Scalable hydrometallurgy route using acid leaching and solvent extraction for rare earth refining,This patent describes a hydrometallurgy route using acid leaching and solvent extraction for rare earth refining. Results indicate higher recovery and lower energy use than conventional routes.,BARC,2019,Published,,SYNTHETIC-DEMO,True
SYN-00427,paper,Selective nickel alloy and cathode materials for battery and magnet applications,This paper describes a nickel alloy and cathode materials for battery and magnet applications. Results indicate higher recovery and lower energy use than conventional routes.,IIT Madras,2022,Published,,SYNTHETIC-DEMO,True
SYN-00428,paper,Low-cost graphite alloy and cathode materials for battery and magnet applications,This paper describes a graphite alloy and cathode materials for battery and magnet applications. Results indicate higher recovery and lower energy use than conventional routes.,IIT Kharagpur,2024,Published,,SYNTHETIC-DEMO,True
SYN-00429,project,Energy-efficient geochemical survey and remote sensing approach for rare earth exploration,This project describes a geochemical survey and remote sensing approach for rare earth exploration. Results indicate higher recovery and lower energy use than conventional routes.,CSIR-NML,2024,Completed,,SYNTHETIC-DEMO,True
SYN-00430,paper,Selective froth flotation and magnetic separation process for beneficiation of nickel ore,This paper describes a froth flotation and magnetic separation process for beneficiation of nickel ore. Results indicate higher recovery and lower energy use than conventional routes.,BARC,2024,Published,,SYNTHETIC-DEMO,True
SYN-00431,patent,Low-cost geochemical survey and remote sensing approach for nickel exploration,This patent describes a geochemical survey and remote sensing approach for nickel exploration. Results indicate higher recovery and lower energy use than conventional routes.,NMDC R&D Centre,2018,Published,,SYNTHETIC-DEMO,True
SYN-00432,paper,Selective hydrometallurgy route using acid leaching and solvent extraction for nickel refining,This paper describes a hydrometallurgy route using acid leaching and solvent extraction for nickel refining. Results indicate higher recovery and lower energy use than conventional routes.,KABIL,2022,Published,,SYNTHETIC-DEMO,True
SYN-00433,paper,Novel froth flotation and magnetic separation process for beneficiation of lithium ore,This paper describes a froth flotation and magnetic separation process for beneficiation of lithium ore. Results indicate higher recovery and lower energy use than conventional routes.,BARC,2021,Published,,SYNTHETIC-DEMO,True
SYN-00434,patent,Novel hydrometallurgy route using acid leaching and solvent extraction for graphite refining,This patent describes a hydrometallurgy route using acid leaching and solvent extraction for graphite refining. Results indicate higher recovery and lower energy use than conventional routes.,IISc Bangalore,2012,Under examination,,SYNTHETIC-DEMO,True
SYN-00435,patent,Scalable froth flotation and magnetic separation process for beneficiation of cobalt ore,This patent describes a froth flotation and magnetic separation process for beneficiation of cobalt ore. Results indicate higher recovery and lower energy use than conventional routes.,IIT (ISM) Dhanbad,2017,Granted,,SYNTHETIC-DEMO,True
SYN-00436,paper,Novel cobalt alloy and cathode materials for battery and magnet applications,This paper describes a cobalt alloy and cathode materials for battery and magnet applications. Results indicate higher recovery and lower energy use than conventional routes.,IIT Kharagpur,2020,Published,,SYNTHETIC-DEMO,True
SYN-00437,patent,Improved geochemical survey and remote sensing approach for graphite exploration,This patent describes a geochemical survey and remote sensing approach for graphite exploration. Results indicate higher recovery and lower energy use than conventional routes.,IREL,2020,Published,,SYNTHETIC-DEMO,True
SYN-00438,patent,Energy-efficient graphite alloy and cathode materials for battery and magnet applications,This patent describes a graphite alloy and cathode materials for battery and magnet applications. Results indicate higher recovery and lower energy use than conventional routes.,IISc Bangalore,2017,Under examination,,SYNTHETIC-DEMO,True
SYN-00439,paper,Improved geochemical survey and remote sensing approach for rare earth exploration,This paper describes a geochemical survey and remote sensing approach for rare earth exploration. Results indicate higher recovery and lower energy use than conventional routes.,IISc Bangalore,2023,Published,,SYNTHETIC-DEMO,True
SYN-00440,patent,Scalable graphite alloy and cathode materials for battery and magnet applications,This patent describes a graphite alloy and cathode materials for battery and magnet applications. Results indicate higher recovery and lower energy use than conventional routes.,IISc Bangalore,2024,Under examination,,SYNTHETIC-DEMO,True
SYN-00441,patent,Energy-efficient nickel alloy and cathode materials for battery and magnet applications,This patent describes a nickel alloy and cathode materials for battery and magnet applications. Results indicate higher recovery and lower energy use than conventional routes.,CSIR-IMMT,2020,Abandoned,,SYNTHETIC-DEMO,True
SYN-00442,project,Selective froth flotation and magnetic separation process for beneficiation of cobalt ore,This project describes a froth flotation and magnetic separation process for beneficiation of cobalt ore. Results indicate higher recovery and lower energy use than conventional routes.,IIT Kharagpur,2021,Ongoing,,SYNTHETIC-DEMO,True
SYN-00443,paper,Energy-efficient hydrometallurgy route using acid leaching and solvent extraction for lithium refining,This paper describes a hydrometallurgy route using acid leaching and solvent extraction for lithium refining. Results indicate higher recovery and lower energy use than conventional routes.,IIT (ISM) Dhanbad,2018,Published,,SYNTHETIC-DEMO,True
SYN-00444,patent,Improved lithium alloy and cathode materials for battery and magnet applications,This patent describes a lithium alloy and cathode materials for battery and magnet applications. Results indicate higher recovery and lower energy use than conventional routes.,KABIL,2023,Granted,,SYNTHETIC-DEMO,True
SYN-00445,paper,Selective hydrometallurgy route using acid leaching and solvent extraction for vanadium refining,This paper describes a hydrometallurgy route using acid leaching and solvent extraction for vanadium refining. Results indicate higher recovery and lower energy use than conventional routes.,IIT Bombay,2018,Published,,SYNTHETIC-DEMO,True
SYN-00446,paper,Selective hydrometallurgy route using acid leaching and solvent extraction for lithium refining,This paper describes a hydrometallurgy route using acid leaching and solvent extraction for lithium refining. Results indicate higher recovery and lower energy use than conventional routes.,KABIL,2018,Published,,SYNTHETIC-DEMO,True
SYN-00447,project,Improved hydrometallurgy route using acid leaching and solvent extraction for nickel refining,This project describes a hydrometallurgy route using acid leaching and solvent extraction for nickel refining. Results indicate higher recovery and lower energy use than conventional routes.,IIT Bombay,2012,Ongoing,,SYNTHETIC-DEMO,True
SYN-00448,paper,Selective froth flotation and magnetic separation process for beneficiation of rare earth ore,This paper describes a froth flotation and magnetic separation process for beneficiation of rare earth ore. Results indicate higher recovery and lower energy use than conventional routes.,IIT Kharagpur,2022,Published,,SYNTHETIC-DEMO,True
SYN-00449,patent,Improved open-pit mining planning method for rare earth ore bodies,This patent describes a open-pit mining planning method for rare earth ore bodies. Results indicate higher recovery and lower energy use than conventional routes.,IIT (ISM) Dhanbad,2023,Granted,,SYNTHETIC-DEMO,True
SYN-00450,patent,Scalable hydrometallurgy route using acid leaching and solvent extraction for rare earth refining,This patent describes a hydrometallurgy route using acid leaching and solvent extraction for rare earth refining. Results indicate higher recovery and lower energy use than conventional routes.,BARC,2024,Published,,SYNTHETIC-DEMO,True
SYN-00451,project,Improved rare earth alloy and cathode materials for battery and magnet applications,This project describes a rare earth alloy and cathode materials for battery and magnet applications. Results indicate higher recovery and lower energy use than conventional routes.,IIT Madras,2025,Ongoing,,SYNTHETIC-DEMO,True
SYN-00452,patent,Selective geochemical survey and remote sensing approach for rare earth exploration,This patent describes a geochemical survey and remote sensing approach for rare earth exploration. Results indicate higher recovery and lower energy use than conventional routes.,NFTDC,2020,Granted,,SYNTHETIC-DEMO,True
SYN-00453,patent,Scalable hydrometallurgy route using acid leaching and solvent extraction for nickel refining,This patent describes a hydrometallurgy route using acid leaching and solvent extraction for nickel refining. Results indicate higher recovery and lower energy use than conventional routes.,CSIR-IMMT,2012,Under examination,,SYNTHETIC-DEMO,True
SYN-00454,paper,Novel froth flotation and magnetic separation process for beneficiation of graphite ore,This paper describes a froth flotation and magnetic separation process for beneficiation of graphite ore. Results indicate higher recovery and lower energy use than conventional routes.,NMDC R&D Centre,2023,Published,,SYNTHETIC-DEMO,True
SYN-00455,paper,Novel geochemical survey and remote sensing approach for vanadium exploration,This paper describes a geochemical survey and remote sensing approach for vanadium exploration. Results indicate higher recovery and lower energy use than conventional routes.,KABIL,2022,Published,,SYNTHETIC-DEMO,True
SYN-00456,patent,Improved geochemical survey and remote sensing approach for lithium exploration,This patent describes a geochemical survey and remote sensing approach for lithium exploration. Results indicate higher recovery and lower energy use than conventional routes.,KABIL,2022,Under examination,,SYNTHETIC-DEMO,True
SYN-00457,paper,Selective lithium alloy and cathode materials for battery and magnet applications,This paper describes a lithium alloy and cathode materials for battery and magnet applications. Results indicate higher recovery and lower energy use than conventional routes.,IIT Madras,2025,Published,,SYNTHETIC-DEMO,True
SYN-00458,paper,Low-cost hydrometallurgy route using acid leaching and solvent extraction for cobalt refining,This paper describes a hydrometallurgy route using acid leaching and solvent extraction for cobalt refining. Results indicate higher recovery and lower energy use than conventional routes.,NFTDC,2022,Published,,SYNTHETIC-DEMO,True
SYN-00459,patent,Energy-efficient froth flotation and magnetic separation process for beneficiation of rare earth ore,This patent describes a froth flotation and magnetic separation process for beneficiation of rare earth ore. Results indicate higher recovery and lower energy use than conventional routes.,CSIR-IMMT,2025,Granted,,SYNTHETIC-DEMO,True
SYN-00460,patent,Low-cost vanadium alloy and cathode materials for battery and magnet applications,This patent describes a vanadium alloy and cathode materials for battery and magnet applications. Results indicate higher recovery and lower energy use than conventional routes.,IIT (ISM) Dhanbad,2022,Published,,SYNTHETIC-DEMO,True
SYN-00461,project,Improved cobalt alloy and cathode materials for battery and magnet applications,This project describes a cobalt alloy and cathode materials for battery and magnet applications. Results indicate higher recovery and lower energy use than conventional routes.,IISc Bangalore,2015,Ongoing,,SYNTHETIC-DEMO,True
SYN-00462,paper,Low-cost nickel alloy and cathode materials for battery and magnet applications,This paper describes a nickel alloy and cathode materials for battery and magnet applications. Results indicate higher recovery and lower energy use than conventional routes.,IIT (ISM) Dhanbad,2012,Published,,SYNTHETIC-DEMO,True
SYN-00463,paper,Selective froth flotation and magnetic separation process for beneficiation of rare earth ore,This paper describes a froth flotation and magnetic separation process for beneficiation of rare earth ore. Results indicate higher recovery and lower energy use than conventional routes.,IIT Bombay,2021,Published,,SYNTHETIC-DEMO,True
SYN-00464,paper,Selective recycling process for lithium recovery from spent batteries and e-waste,This paper describes a recycling process for lithium recovery from spent batteries and e-waste. Results indicate higher recovery and lower energy use than conventional routes.,IREL,2023,Published,,SYNTHETIC-DEMO,True
SYN-00465,paper,Novel geochemical survey and remote sensing approach for rare earth exploration,This paper describes a geochemical survey and remote sensing approach for rare earth exploration. Results indicate higher recovery and lower energy use than conventional routes.,IISc Bangalore,2021,Published,,SYNTHETIC-DEMO,True
SYN-00466,patent,Low-cost geochemical survey and remote sensing approach for vanadium exploration,This patent describes a geochemical survey and remote sensing approach for vanadium exploration. Results indicate higher recovery and lower energy use than conventional routes.,KABIL,2022,Published,,SYNTHETIC-DEMO,True
SYN-00467,project,Improved hydrometallurgy route using acid leaching and solvent extraction for lithium refining,This project describes a hydrometallurgy route using acid leaching and solvent extraction for lithium refining. Results indicate higher recovery and lower energy use than conventional routes.,IIT (ISM) Dhanbad,2025,Ongoing,,SYNTHETIC-DEMO,True
SYN-00468,patent,Selective lithium alloy and cathode materials for battery and magnet applications,This patent describes a lithium alloy and cathode materials for battery and magnet applications. Results indicate higher recovery and lower energy use than conventional routes.,IIT Bombay,2022,Published,,SYNTHETIC-DEMO,True
SYN-00469,project,Scalable open-pit mining planning method for vanadium ore bodies,This project describes a open-pit mining planning method for vanadium ore bodies. Results indicate higher recovery and lower energy use than conventional routes.,CSIR-NML,2015,Ongoing,,SYNTHETIC-DEMO,True
SYN-00470,project,Novel froth flotation and magnetic separation process for beneficiation of graphite ore,This project describes a froth flotation and magnetic separation process for beneficiation of graphite ore. Results indicate higher recovery and lower energy use than conventional routes.,IIT Bombay,2023,Ongoing,,SYNTHETIC-DEMO,True
SYN-00471,paper,Novel geochemical survey and remote sensing approach for cobalt exploration,This paper describes a geochemical survey and remote sensing approach for cobalt exploration. Results indicate higher recovery and lower energy use than conventional routes.,CSIR-IMMT,2021,Published,,SYNTHETIC-DEMO,True
SYN-00472,patent,Novel geochemical survey and remote sensing approach for cobalt exploration,This patent describes a geochemical survey and remote sensing approach for cobalt exploration. Results indicate higher recovery and lower energy use than conventional routes.,IISc Bangalore,2019,Under examination,,SYNTHETIC-DEMO,True
SYN-00473,patent,Scalable froth flotation and magnetic separation process for beneficiation of rare earth ore,This patent describes a froth flotation and magnetic separation process for beneficiation of rare earth ore. Results indicate higher recovery and lower energy use than conventional routes.,IIT Kharagpur,2020,Published,,SYNTHETIC-DEMO,True
SYN-00474,paper,Improved froth flotation and magnetic separation process for beneficiation of cobalt ore,This paper describes a froth flotation and magnetic separation process for beneficiation of cobalt ore. Results indicate higher recovery and lower energy use than conventional routes.,IREL,2018,Published,,SYNTHETIC-DEMO,True
SYN-00475,project,Selective lithium alloy and cathode materials for battery and magnet applications,This project describes a lithium alloy and cathode materials for battery and magnet applications. Results indicate higher recovery and lower energy use than conventional routes.,IIT Kharagpur,2017,Completed,,SYNTHETIC-DEMO,True
SYN-00476,project,Low-cost recycling process for lithium recovery from spent batteries and e-waste,This project describes a recycling process for lithium recovery from spent batteries and e-waste. Results indicate higher recovery and lower energy use than conventional routes.,NMDC R&D Centre,2025,Ongoing,,SYNTHETIC-DEMO,True
SYN-00477,paper,Novel rare earth alloy and cathode materials for battery and magnet applications,This paper describes a rare earth alloy and cathode materials for battery and magnet applications. Results indicate higher recovery and lower energy use than conventional routes.,CSIR-IMMT,2023,Published,,SYNTHETIC-DEMO,True
SYN-00478,paper,Low-cost vanadium alloy and cathode materials for battery and magnet applications,This paper describes a vanadium alloy and cathode materials for battery and magnet applications. Results indicate higher recovery and lower energy use than conventional routes.,IISc Bangalore,2015,Published,,SYNTHETIC-DEMO,True
SYN-00479,paper,Low-cost geochemical survey and remote sensing approach for lithium exploration,This paper describes a geochemical survey and remote sensing approach for lithium exploration. Results indicate higher recovery and lower energy use than conventional routes.,IIT (ISM) Dhanbad,2024,Published,,SYNTHETIC-DEMO,True
SYN-00480,paper,Low-cost froth flotation and magnetic separation process for beneficiation of rare earth ore,This paper describes a froth flotation and magnetic separation process for beneficiation of rare earth ore. Results indicate higher recovery and lower energy use than conventional routes.,IREL,2019,Published,,SYNTHETIC-DEMO,True
SYN-00481,patent,Scalable open-pit mining planning method for graphite ore bodies,This patent describes a open-pit mining planning method for graphite ore bodies. Results indicate higher recovery and lower energy use than conventional routes.,IIT Bombay,2020,Abandoned,,SYNTHETIC-DEMO,True
SYN-00482,paper,Scalable open-pit mining planning method for vanadium ore bodies,This paper describes a open-pit mining planning method for vanadium ore bodies. Results indicate higher recovery and lower energy use than conventional routes.,IIT Kharagpur,2022,Published,,SYNTHETIC-DEMO,True
SYN-00483,paper,Scalable lithium alloy and cathode materials for battery and magnet applications,This paper describes a lithium alloy and cathode materials for battery and magnet applications. Results indicate higher recovery and lower energy use than conventional routes.,IIT (ISM) Dhanbad,2017,Published,,SYNTHETIC-DEMO,True
SYN-00484,paper,Novel recycling process for cobalt recovery from spent batteries and e-waste,This paper describes a recycling process for cobalt recovery from spent batteries and e-waste. Results indicate higher recovery and lower energy use than conventional routes.,IREL,2023,Published,,SYNTHETIC-DEMO,True
SYN-00485,paper,Low-cost lithium alloy and cathode materials for battery and magnet applications,This paper describes a lithium alloy and cathode materials for battery and magnet applications. Results indicate higher recovery and lower energy use than conventional routes.,IIT Madras,2025,Published,,SYNTHETIC-DEMO,True
SYN-00486,patent,Scalable recycling process for lithium recovery from spent batteries and e-waste,This patent describes a recycling process for lithium recovery from spent batteries and e-waste. Results indicate higher recovery and lower energy use than conventional routes.,IREL,2025,Published,,SYNTHETIC-DEMO,True
SYN-00487,patent,Scalable hydrometallurgy route using acid leaching and solvent extraction for cobalt refining,This patent describes a hydrometallurgy route using acid leaching and solvent extraction for cobalt refining. Results indicate higher recovery and lower energy use than conventional routes.,IIT Kharagpur,2018,Published,,SYNTHETIC-DEMO,True
SYN-00488,paper,Scalable rare earth alloy and cathode materials for battery and magnet applications,This paper describes a rare earth alloy and cathode materials for battery and magnet applications. Results indicate higher recovery and lower energy use than conventional routes.,IISc Bangalore,2012,Published,,SYNTHETIC-DEMO,True
SYN-00489,patent,Low-cost hydrometallurgy route using acid leaching and solvent extraction for nickel refining,This patent describes a hydrometallurgy route using acid leaching and solvent extraction for nickel refining. Results indicate higher recovery and lower energy use than conventional routes.,IISc Bangalore,2020,Under examination,,SYNTHETIC-DEMO,True
SYN-00490,paper,Low-cost froth flotation and magnetic separation process for beneficiation of cobalt ore,This paper describes a froth flotation and magnetic separation process for beneficiation of cobalt ore. Results indicate higher recovery and lower energy use than conventional routes.,IREL,2020,Published,,SYNTHETIC-DEMO,True
SYN-00491,project,Selective froth flotation and magnetic separation process for beneficiation of rare earth ore,This project describes a froth flotation and magnetic separation process for beneficiation of rare earth ore. Results indicate higher recovery and lower energy use than conventional routes.,IREL,2014,Ongoing,,SYNTHETIC-DEMO,True
SYN-00492,paper,Energy-efficient rare earth alloy and cathode materials for battery and magnet applications,This paper describes a rare earth alloy and cathode materials for battery and magnet applications. Results indicate higher recovery and lower energy use than conventional routes.,CSIR-IMMT,2014,Published,,SYNTHETIC-DEMO,True
SYN-00493,patent,Selective nickel alloy and cathode materials for battery and magnet applications,This patent describes a nickel alloy and cathode materials for battery and magnet applications. Results indicate higher recovery and lower energy use than conventional routes.,NFTDC,2014,Published,,SYNTHETIC-DEMO,True
SYN-00494,paper,Low-cost hydrometallurgy route using acid leaching and solvent extraction for graphite refining,This paper describes a hydrometallurgy route using acid leaching and solvent extraction for graphite refining. Results indicate higher recovery and lower energy use than conventional routes.,IISc Bangalore,2014,Published,,SYNTHETIC-DEMO,True
SYN-00495,paper,Novel hydrometallurgy route using acid leaching and solvent extraction for vanadium refining,This paper describes a hydrometallurgy route using acid leaching and solvent extraction for vanadium refining. Results indicate higher recovery and lower energy use than conventional routes.,CSIR-NML,2022,Published,,SYNTHETIC-DEMO,True
SYN-00496,patent,Energy-efficient froth flotation and magnetic separation process for beneficiation of lithium ore,This patent describes a froth flotation and magnetic separation process for beneficiation of lithium ore. Results indicate higher recovery and lower energy use than conventional routes.,NFTDC,2020,Published,,SYNTHETIC-DEMO,True
SYN-00497,project,Scalable geochemical survey and remote sensing approach for rare earth exploration,This project describes a geochemical survey and remote sensing approach for rare earth exploration. Results indicate higher recovery and lower energy use than conventional routes.,CSIR-NML,2019,Ongoing,,SYNTHETIC-DEMO,True
SYN-00498,paper,Improved froth flotation and magnetic separation process for beneficiation of graphite ore,This paper describes a froth flotation and magnetic separation process for beneficiation of graphite ore. Results indicate higher recovery and lower energy use than conventional routes.,IIT Kharagpur,2022,Published,,SYNTHETIC-DEMO,True
SYN-00499,patent,Scalable hydrometallurgy route using acid leaching and solvent extraction for nickel refining,This patent describes a hydrometallurgy route using acid leaching and solvent extraction for nickel refining. Results indicate higher recovery and lower energy use than conventional routes.,IIT Bombay,2025,Published,,SYNTHETIC-DEMO,True
SYN-00500,patent,Selective froth flotation and magnetic separation process for beneficiation of rare earth ore,This patent describes a froth flotation and magnetic separation process for beneficiation of rare earth ore. Results indicate higher recovery and lower energy use than conventional routes.,BARC,2016,Published,,SYNTHETIC-DEMO,True
SYN-00501,project,Novel cobalt alloy and cathode materials for battery and magnet applications,This project describes a cobalt alloy and cathode materials for battery and magnet applications. Results indicate higher recovery and lower energy use than conventional routes.,IIT Kharagpur,2015,Ongoing,,SYNTHETIC-DEMO,True
SYN-00502,paper,Scalable hydrometallurgy route using acid leaching and solvent extraction for lithium refining,This paper describes a hydrometallurgy route using acid leaching and solvent extraction for lithium refining. Results indicate higher recovery and lower energy use than conventional routes.,CSIR-IMMT,2019,Published,,SYNTHETIC-DEMO,True
SYN-00503,patent,Novel recycling process for lithium recovery from spent batteries and e-waste,This patent describes a recycling process for lithium recovery from spent batteries and e-waste. Results indicate higher recovery and lower energy use than conventional routes.,NMDC R&D Centre,2023,Under examination,,SYNTHETIC-DEMO,True
SYN-00504,project,Novel froth flotation and magnetic separation process for beneficiation of graphite ore,This project describes a froth flotation and magnetic separation process for beneficiation of graphite ore. Results indicate higher recovery and lower energy use than conventional routes.,IIT Kharagpur,2023,Completed,,SYNTHETIC-DEMO,True
SYN-00505,project,Selective hydrometallurgy route using acid leaching and solvent extraction for rare earth refining,This project describes a hydrometallurgy route using acid leaching and solvent extraction for rare earth refining. Results indicate higher recovery and lower energy use than conventional routes.,IIT Bombay,2022,Ongoing,,SYNTHETIC-DEMO,True
SYN-00506,patent,Improved froth flotation and magnetic separation process for beneficiation of nickel ore,This patent describes a froth flotation and magnetic separation process for beneficiation of nickel ore. Results indicate higher recovery and lower energy use than conventional routes.,BARC,2016,Under examination,,SYNTHETIC-DEMO,True
SYN-00507,paper,Low-cost nickel alloy and cathode materials for battery and magnet applications,This paper describes a nickel alloy and cathode materials for battery and magnet applications. Results indicate higher recovery and lower energy use than conventional routes.,IISc Bangalore,2020,Published,,SYNTHETIC-DEMO,True
SYN-00508,patent,Low-cost froth flotation and magnetic separation process for beneficiation of cobalt ore,This patent describes a froth flotation and magnetic separation process for beneficiation of cobalt ore. Results indicate higher recovery and lower energy use than conventional routes.,CSIR-IMMT,2014,Granted,,SYNTHETIC-DEMO,True
SYN-00509,patent,Novel froth flotation and magnetic separation process for beneficiation of cobalt ore,This patent describes a froth flotation and magnetic separation process for beneficiation of cobalt ore. Results indicate higher recovery and lower energy use than conventional routes.,IIT Kharagpur,2020,Published,,SYNTHETIC-DEMO,True
SYN-00510,paper,Selective froth flotation and magnetic separation process for beneficiation of rare earth ore,This paper describes a froth flotation and magnetic separation process for beneficiation of rare earth ore. Results indicate higher recovery and lower energy use than conventional routes.,IIT Kharagpur,2018,Published,,SYNTHETIC-DEMO,True
SYN-00511,patent,Novel froth flotation and magnetic separation process for beneficiation of graphite ore,This patent describes a froth flotation and magnetic separation process for beneficiation of graphite ore. Results indicate higher recovery and lower energy use than conventional routes.,IIT Kharagpur,2018,Granted,,SYNTHETIC-DEMO,True
SYN-00512,patent,Scalable rare earth alloy and cathode materials for battery and magnet applications,This patent describes a rare earth alloy and cathode materials for battery and magnet applications. Results indicate higher recovery and lower energy use than conventional routes.,IIT Bombay,2022,Under examination,,SYNTHETIC-DEMO,True
SYN-00513,patent,Energy-efficient open-pit mining planning method for rare earth ore bodies,This patent describes a open-pit mining planning method for rare earth ore bodies. Results indicate higher recovery and lower energy use than conventional routes.,BARC,2021,Abandoned,,SYNTHETIC-DEMO,True
SYN-00514,paper,Improved geochemical survey and remote sensing approach for vanadium exploration,This paper describes a geochemical survey and remote sensing approach for vanadium exploration. Results indicate higher recovery and lower energy use than conventional routes.,KABIL,2012,Published,,SYNTHETIC-DEMO,True
SYN-00515,paper,Low-cost recycling process for cobalt recovery from spent batteries and e-waste,This paper describes a recycling process for cobalt recovery from spent batteries and e-waste. Results indicate higher recovery and lower energy use than conventional routes.,IREL,2016,Published,,SYNTHETIC-DEMO,True
SYN-00516,patent,Low-cost cobalt alloy and cathode materials for battery and magnet applications,This patent describes a cobalt alloy and cathode materials for battery and magnet applications. Results indicate higher recovery and lower energy use than conventional routes.,IIT (ISM) Dhanbad,2021,Under examination,,SYNTHETIC-DEMO,True
SYN-00517,patent,Low-cost hydrometallurgy route using acid leaching and solvent extraction for lithium refining,This patent describes a hydrometallurgy route using acid leaching and solvent extraction for lithium refining. Results indicate higher recovery and lower energy use than conventional routes.,KABIL,2022,Published,,SYNTHETIC-DEMO,True
SYN-00518,paper,Improved lithium alloy and cathode materials for battery and magnet applications,This paper describes a lithium alloy and cathode materials for battery and magnet applications. Results indicate higher recovery and lower energy use than conventional routes.,IIT Kharagpur,2017,Published,,SYNTHETIC-DEMO,True
SYN-00519,paper,Improved geochemical survey and remote sensing approach for lithium exploration,This paper describes a geochemical survey and remote sensing approach for lithium exploration. Results indicate higher recovery and lower energy use than conventional routes.,IIT (ISM) Dhanbad,2013,Published,,SYNTHETIC-DEMO,True
SYN-00520,paper,Selective hydrometallurgy route using acid leaching and solvent extraction for nickel refining,This paper describes a hydrometallurgy route using acid leaching and solvent extraction for nickel refining. Results indicate higher recovery and lower energy use than conventional routes.,NFTDC,2022,Published,,SYNTHETIC-DEMO,True
SYN-00521,patent,Energy-efficient hydrometallurgy route using acid leaching and solvent extraction for vanadium refining,This patent describes a hydrometallurgy route using acid leaching and solvent extraction for vanadium refining. Results indicate higher recovery and lower energy use than conventional routes.,KABIL,2024,Published,,SYNTHETIC-DEMO,True
SYN-00522,patent,Selective geochemical survey and remote sensing approach for lithium exploration,This patent describes a geochemical survey and remote sensing approach for lithium exploration. Results indicate higher recovery and lower energy use than conventional routes.,KABIL,2021,Published,,SYNTHETIC-DEMO,True
SYN-00523,patent,Novel lithium alloy and cathode materials for battery and magnet applications,This patent describes a lithium alloy and cathode materials for battery and magnet applications. Results indicate higher recovery and lower energy use than conventional routes.,CSIR-NML,2021,Published,,SYNTHETIC-DEMO,True
SYN-00524,patent,Energy-efficient froth flotation and magnetic separation process for beneficiation of cobalt ore,This patent describes a froth flotation and magnetic separation process for beneficiation of cobalt ore. Results indicate higher recovery and lower energy use than conventional routes.,IIT Madras,2015,Published,,SYNTHETIC-DEMO,True
SYN-00525,paper,Improved lithium alloy and cathode materials for battery and magnet applications,This paper describes a lithium alloy and cathode materials for battery and magnet applications. Results indicate higher recovery and lower energy use than conventional routes.,CSIR-IMMT,2014,Published,,SYNTHETIC-DEMO,True
SYN-00526,project,Low-cost hydrometallurgy route using acid leaching and solvent extraction for rare earth refining,This project describes a hydrometallurgy route using acid leaching and solvent extraction for rare earth refining. Results indicate higher recovery and lower energy use than conventional routes.,IIT Bombay,2020,Ongoing,,SYNTHETIC-DEMO,True
SYN-00527,patent,Novel rare earth alloy and cathode materials for battery and magnet applications,This patent describes a rare earth alloy and cathode materials for battery and magnet applications. Results indicate higher recovery and lower energy use than conventional routes.,IIT Madras,2019,Published,,SYNTHETIC-DEMO,True
SYN-00528,project,Scalable lithium alloy and cathode materials for battery and magnet applications,This project describes a lithium alloy and cathode materials for battery and magnet applications. Results indicate higher recovery and lower energy use than conventional routes.,IIT (ISM) Dhanbad,2017,Completed,,SYNTHETIC-DEMO,True
SYN-00529,patent,Energy-efficient hydrometallurgy route using acid leaching and solvent extraction for lithium refining,This patent describes a hydrometallurgy route using acid leaching and solvent extraction for lithium refining. Results indicate higher recovery and lower energy use than conventional routes.,IIT Bombay,2025,Granted,,SYNTHETIC-DEMO,True
SYN-00530,project,Scalable hydrometallurgy route using acid leaching and solvent extraction for rare earth refining,This project describes a hydrometallurgy route using acid leaching and solvent extraction for rare earth refining. Results indicate higher recovery and lower energy use than conventional routes.,NFTDC,2023,Ongoing,,SYNTHETIC-DEMO,True
SYN-00531,patent,Energy-efficient froth flotation and magnetic separation process for beneficiation of graphite ore,This patent describes a froth flotation and magnetic separation process for beneficiation of graphite ore. Results indicate higher recovery and lower energy use than conventional routes.,IIT Kharagpur,2017,Published,,SYNTHETIC-DEMO,True
SYN-00532,project,Energy-efficient nickel alloy and cathode materials for battery and magnet applications,This project describes a nickel alloy and cathode materials for battery and magnet applications. Results indicate higher recovery and lower energy use than conventional routes.,IIT Kharagpur,2015,Completed,,SYNTHETIC-DEMO,True
SYN-00533,patent,Selective open-pit mining planning method for nickel ore bodies,This patent describes a open-pit mining planning method for nickel ore bodies. Results indicate higher recovery and lower energy use than conventional routes.,IREL,2018,Granted,,SYNTHETIC-DEMO,True
SYN-00534,patent,Scalable cobalt alloy and cathode materials for battery and magnet applications,This patent describes a cobalt alloy and cathode materials for battery and magnet applications. Results indicate higher recovery and lower energy use than conventional routes.,IIT (ISM) Dhanbad,2018,Under examination,,SYNTHETIC-DEMO,True
SYN-00535,paper,Scalable open-pit mining planning method for lithium ore bodies,This paper describes a open-pit mining planning method for lithium ore bodies. Results indicate higher recovery and lower energy use than conventional routes.,IIT Madras,2019,Published,,SYNTHETIC-DEMO,True
SYN-00536,patent,Low-cost open-pit mining planning method for cobalt ore bodies,This patent describes a open-pit mining planning method for cobalt ore bodies. Results indicate higher recovery and lower energy use than conventional routes.,IIT Madras,2023,Published,,SYNTHETIC-DEMO,True
SYN-00537,project,Selective hydrometallurgy route using acid leaching and solvent extraction for rare earth refining,This project describes a hydrometallurgy route using acid leaching and solvent extraction for rare earth refining. Results indicate higher recovery and lower energy use than conventional routes.,CSIR-IMMT,2018,Completed,,SYNTHETIC-DEMO,True
SYN-00538,paper,Low-cost froth flotation and magnetic separation process for beneficiation of cobalt ore,This paper describes a froth flotation and magnetic separation process for beneficiation of cobalt ore. Results indicate higher recovery and lower energy use than conventional routes.,BARC,2021,Published,,SYNTHETIC-DEMO,True
SYN-00539,patent,Energy-efficient froth flotation and magnetic separation process for beneficiation of cobalt ore,This patent describes a froth flotation and magnetic separation process for beneficiation of cobalt ore. Results indicate higher recovery and lower energy use than conventional routes.,BARC,2025,Under examination,,SYNTHETIC-DEMO,True
SYN-00540,patent,Scalable open-pit mining planning method for rare earth ore bodies,This patent describes a open-pit mining planning method for rare earth ore bodies. Results indicate higher recovery and lower energy use than conventional routes.,IIT Bombay,2012,Granted,,SYNTHETIC-DEMO,True
SYN-00541,project,Scalable hydrometallurgy route using acid leaching and solvent extraction for nickel refining,This project describes a hydrometallurgy route using acid leaching and solvent extraction for nickel refining. Results indicate higher recovery and lower energy use than conventional routes.,IIT Kharagpur,2016,Ongoing,,SYNTHETIC-DEMO,True
SYN-00542,patent,Energy-efficient hydrometallurgy route using acid leaching and solvent extraction for nickel refining,This patent describes a hydrometallurgy route using acid leaching and solvent extraction for nickel refining. Results indicate higher recovery and lower energy use than conventional routes.,KABIL,2022,Published,,SYNTHETIC-DEMO,True
SYN-00543,project,Energy-efficient hydrometallurgy route using acid leaching and solvent extraction for vanadium refining,This project describes a hydrometallurgy route using acid leaching and solvent extraction for vanadium refining. Results indicate higher recovery and lower energy use than conventional routes.,IIT (ISM) Dhanbad,2017,Ongoing,,SYNTHETIC-DEMO,True
SYN-00544,paper,Scalable geochemical survey and remote sensing approach for cobalt exploration,This paper describes a geochemical survey and remote sensing approach for cobalt exploration. Results indicate higher recovery and lower energy use than conventional routes.,IISc Bangalore,2016,Published,,SYNTHETIC-DEMO,True
SYN-00545,paper,Novel hydrometallurgy route using acid leaching and solvent extraction for lithium refining,This paper describes a hydrometallurgy route using acid leaching and solvent extraction for lithium refining. Results indicate higher recovery and lower energy use than conventional routes.,CSIR-NML,2017,Published,,SYNTHETIC-DEMO,True
SYN-00546,patent,Selective open-pit mining planning method for cobalt ore bodies,This patent describes a open-pit mining planning method for cobalt ore bodies. Results indicate higher recovery and lower energy use than conventional routes.,CSIR-NML,2019,Published,,SYNTHETIC-DEMO,True
SYN-00547,patent,Selective hydrometallurgy route using acid leaching and solvent extraction for rare earth refining,This patent describes a hydrometallurgy route using acid leaching and solvent extraction for rare earth refining. Results indicate higher recovery and lower energy use than conventional routes.,KABIL,2020,Published,,SYNTHETIC-DEMO,True
SYN-00548,paper,Improved open-pit mining planning method for lithium ore bodies,This paper describes a open-pit mining planning method for lithium ore bodies. Results indicate higher recovery and lower energy use than conventional routes.,CSIR-IMMT,2020,Published,,SYNTHETIC-DEMO,True
SYN-00549,patent,Selective geochemical survey and remote sensing approach for rare earth exploration,This patent describes a geochemical survey and remote sensing approach for rare earth exploration. Results indicate higher recovery and lower energy use than conventional routes.,IIT (ISM) Dhanbad,2023,Published,,SYNTHETIC-DEMO,True
SYN-00550,paper,Low-cost hydrometallurgy route using acid leaching and solvent extraction for nickel refining,This paper describes a hydrometallurgy route using acid leaching and solvent extraction for nickel refining. Results indicate higher recovery and lower energy use than conventional routes.,CSIR-NML,2013,Published,,SYNTHETIC-DEMO,True
SYN-00551,patent,Selective froth flotation and magnetic separation process for beneficiation of nickel ore,This patent describes a froth flotation and magnetic separation process for beneficiation of nickel ore. Results indicate higher recovery and lower energy use than conventional routes.,BARC,2021,Under examination,,SYNTHETIC-DEMO,True
SYN-00552,patent,Novel hydrometallurgy route using acid leaching and solvent extraction for vanadium refining,This patent describes a hydrometallurgy route using acid leaching and solvent extraction for vanadium refining. Results indicate higher recovery and lower energy use than conventional routes.,CSIR-NML,2015,Published,,SYNTHETIC-DEMO,True
SYN-00553,paper,Energy-efficient hydrometallurgy route using acid leaching and solvent extraction for rare earth refining,This paper describes a hydrometallurgy route using acid leaching and solvent extraction for rare earth refining. Results indicate higher recovery and lower energy use than conventional routes.,CSIR-NML,2019,Published,,SYNTHETIC-DEMO,True
SYN-00554,patent,Novel hydrometallurgy route using acid leaching and solvent extraction for cobalt refining,This patent describes a hydrometallurgy route using acid leaching and solvent extraction for cobalt refining. Results indicate higher recovery and lower energy use than conventional routes.,CSIR-NML,2024,Published,,SYNTHETIC-DEMO,True
SYN-00555,patent,Novel recycling process for lithium recovery from spent batteries and e-waste,This patent describes a recycling process for lithium recovery from spent batteries and e-waste. Results indicate higher recovery and lower energy use than conventional routes.,IREL,2017,Under examination,,SYNTHETIC-DEMO,True
SYN-00556,paper,Novel rare earth alloy and cathode materials for battery and magnet applications,This paper describes a rare earth alloy and cathode materials for battery and magnet applications. Results indicate higher recovery and lower energy use than conventional routes.,IIT Kharagpur,2018,Published,,SYNTHETIC-DEMO,True
SYN-00557,patent,Scalable geochemical survey and remote sensing approach for lithium exploration,This patent describes a geochemical survey and remote sensing approach for lithium exploration. Results indicate higher recovery and lower energy use than conventional routes.,BARC,2016,Under examination,,SYNTHETIC-DEMO,True
SYN-00558,patent,Improved lithium alloy and cathode materials for battery and magnet applications,This patent describes a lithium alloy and cathode materials for battery and magnet applications. Results indicate higher recovery and lower energy use than conventional routes.,IIT Madras,2021,Published,,SYNTHETIC-DEMO,True
SYN-00559,patent,Low-cost hydrometallurgy route using acid leaching and solvent extraction for cobalt refining,This patent describes a hydrometallurgy route using acid leaching and solvent extraction for cobalt refining. Results indicate higher recovery and lower energy use than conventional routes.,NFTDC,2013,Published,,SYNTHETIC-DEMO,True
SYN-00560,patent,Energy-efficient cobalt alloy and cathode materials for battery and magnet applications,This patent describes a cobalt alloy and cathode materials for battery and magnet applications. Results indicate higher recovery and lower energy use than conventional routes.,CSIR-NML,2020,Under examination,,SYNTHETIC-DEMO,True
SYN-00561,paper,Scalable hydrometallurgy route using acid leaching and solvent extraction for cobalt refining,This paper describes a hydrometallurgy route using acid leaching and solvent extraction for cobalt refining. Results indicate higher recovery and lower energy use than conventional routes.,IIT Bombay,2015,Published,,SYNTHETIC-DEMO,True
SYN-00562,patent,Selective froth flotation and magnetic separation process for beneficiation of cobalt ore,This patent describes a froth flotation and magnetic separation process for beneficiation of cobalt ore. Results indicate higher recovery and lower energy use than conventional routes.,NMDC R&D Centre,2018,Granted,,SYNTHETIC-DEMO,True
SYN-00563,patent,Improved geochemical survey and remote sensing approach for lithium exploration,This patent describes a geochemical survey and remote sensing approach for lithium exploration. Results indicate higher recovery and lower energy use than conventional routes.,NFTDC,2017,Granted,,SYNTHETIC-DEMO,True
SYN-00564,project,Novel lithium alloy and cathode materials for battery and magnet applications,This project describes a lithium alloy and cathode materials for battery and magnet applications. Results indicate higher recovery and lower energy use than conventional routes.,IIT (ISM) Dhanbad,2014,Ongoing,,SYNTHETIC-DEMO,True
SYN-00565,paper,Energy-efficient nickel alloy and cathode materials for battery and magnet applications,This paper describes a nickel alloy and cathode materials for battery and magnet applications. Results indicate higher recovery and lower energy use than conventional routes.,CSIR-IMMT,2013,Published,,SYNTHETIC-DEMO,True
SYN-00566,patent,Energy-efficient hydrometallurgy route using acid leaching and solvent extraction for cobalt refining,This patent describes a hydrometallurgy route using acid leaching and solvent extraction for cobalt refining. Results indicate higher recovery and lower energy use than conventional routes.,KABIL,2020,Granted,,SYNTHETIC-DEMO,True
SYN-00567,project,Selective open-pit mining planning method for nickel ore bodies,This project describes a open-pit mining planning method for nickel ore bodies. Results indicate higher recovery and lower energy use than conventional routes.,CSIR-NML,2020,Ongoing,,SYNTHETIC-DEMO,True
SYN-00568,patent,Novel hydrometallurgy route using acid leaching and solvent extraction for lithium refining,This patent describes a hydrometallurgy route using acid leaching and solvent extraction for lithium refining. Results indicate higher recovery and lower energy use than conventional routes.,KABIL,2024,Published,,SYNTHETIC-DEMO,True
SYN-00569,paper,Scalable froth flotation and magnetic separation process for beneficiation of nickel ore,This paper describes a froth flotation and magnetic separation process for beneficiation of nickel ore. Results indicate higher recovery and lower energy use than conventional routes.,BARC,2020,Published,,SYNTHETIC-DEMO,True
SYN-00570,patent,Energy-efficient lithium alloy and cathode materials for battery and magnet applications,This patent describes a lithium alloy and cathode materials for battery and magnet applications. Results indicate higher recovery and lower energy use than conventional routes.,IISc Bangalore,2017,Published,,SYNTHETIC-DEMO,True
SYN-00571,patent,Low-cost rare earth alloy and cathode materials for battery and magnet applications,This patent describes a rare earth alloy and cathode materials for battery and magnet applications. Results indicate higher recovery and lower energy use than conventional routes.,IIT Madras,2024,Published,,SYNTHETIC-DEMO,True
SYN-00572,paper,Improved recycling process for cobalt recovery from spent batteries and e-waste,This paper describes a recycling process for cobalt recovery from spent batteries and e-waste. Results indicate higher recovery and lower energy use than conventional routes.,CSIR-IMMT,2016,Published,,SYNTHETIC-DEMO,True
SYN-00573,patent,Energy-efficient recycling process for nickel recovery from spent batteries and e-waste,This patent describes a recycling process for nickel recovery from spent batteries and e-waste. Results indicate higher recovery and lower energy use than conventional routes.,BARC,2020,Published,,SYNTHETIC-DEMO,True
SYN-00574,paper,Energy-efficient rare earth alloy and cathode materials for battery and magnet applications,This paper describes a rare earth alloy and cathode materials for battery and magnet applications. Results indicate higher recovery and lower energy use than conventional routes.,IIT Madras,2018,Published,,SYNTHETIC-DEMO,True
SYN-00575,patent,Scalable hydrometallurgy route using acid leaching and solvent extraction for rare earth refining,This patent describes a hydrometallurgy route using acid leaching and solvent extraction for rare earth refining. Results indicate higher recovery and lower energy use than conventional routes.,IIT Bombay,2024,Published,,SYNTHETIC-DEMO,True
SYN-00576,patent,Novel open-pit mining planning method for graphite ore bodies,This patent describes a open-pit mining planning method for graphite ore bodies. Results indicate higher recovery and lower energy use than conventional routes.,IIT Madras,2020,Granted,,SYNTHETIC-DEMO,True
SYN-00577,patent,Energy-efficient cobalt alloy and cathode materials for battery and magnet applications,This patent describes a cobalt alloy and cathode materials for battery and magnet applications. Results indicate higher recovery and lower energy use than conventional routes.,IIT (ISM) Dhanbad,2017,Published,,SYNTHETIC-DEMO,True
SYN-00578,project,Energy-efficient lithium alloy and cathode materials for battery and magnet applications,This project describes a lithium alloy and cathode materials for battery and magnet applications. Results indicate higher recovery and lower energy use than conventional routes.,IIT Madras,2014,Completed,,SYNTHETIC-DEMO,True
SYN-00579,paper,Scalable open-pit mining planning method for graphite ore bodies,This paper describes a open-pit mining planning method for graphite ore bodies. Results indicate higher recovery and lower energy use than conventional routes.,IIT Kharagpur,2014,Published,,SYNTHETIC-DEMO,True
SYN-00580,patent,Low-cost open-pit mining planning method for cobalt ore bodies,This patent describes a open-pit mining planning method for cobalt ore bodies. Results indicate higher recovery and lower energy use than conventional routes.,IIT Madras,2023,Published,,SYNTHETIC-DEMO,True
SYN-00581,patent,Scalable recycling process for vanadium recovery from spent batteries and e-waste,This patent describes a recycling process for vanadium recovery from spent batteries and e-waste. Results indicate higher recovery and lower energy use than conventional routes.,NMDC R&D Centre,2014,Published,,SYNTHETIC-DEMO,True
SYN-00582,patent,Improved graphite alloy and cathode materials for battery and magnet applications,This patent describes a graphite alloy and cathode materials for battery and magnet applications. Results indicate higher recovery and lower energy use than conventional routes.,IIT Bombay,2024,Granted,,SYNTHETIC-DEMO,True
SYN-00583,paper,Selective hydrometallurgy route using acid leaching and solvent extraction for lithium refining,This paper describes a hydrometallurgy route using acid leaching and solvent extraction for lithium refining. Results indicate higher recovery and lower energy use than conventional routes.,CSIR-IMMT,2013,Published,,SYNTHETIC-DEMO,True
SYN-00584,paper,Novel froth flotation and magnetic separation process for beneficiation of rare earth ore,This paper describes a froth flotation and magnetic separation process for beneficiation of rare earth ore. Results indicate higher recovery and lower energy use than conventional routes.,IIT Kharagpur,2024,Published,,SYNTHETIC-DEMO,True
SYN-00585,patent,Scalable geochemical survey and remote sensing approach for lithium exploration,This patent describes a geochemical survey and remote sensing approach for lithium exploration. Results indicate higher recovery and lower energy use than conventional routes.,KABIL,2014,Granted,,SYNTHETIC-DEMO,True
SYN-00586,patent,Low-cost rare earth alloy and cathode materials for battery and magnet applications,This patent describes a rare earth alloy and cathode materials for battery and magnet applications. Results indicate higher recovery and lower energy use than conventional routes.,KABIL,2013,Granted,,SYNTHETIC-DEMO,True
SYN-00587,paper,Improved geochemical survey and remote sensing approach for lithium exploration,This paper describes a geochemical survey and remote sensing approach for lithium exploration. Results indicate higher recovery and lower energy use than conventional routes.,CSIR-IMMT,2022,Published,,SYNTHETIC-DEMO,True
SYN-00588,paper,Scalable hydrometallurgy route using acid leaching and solvent extraction for lithium refining,This paper describes a hydrometallurgy route using acid leaching and solvent extraction for lithium refining. Results indicate higher recovery and lower energy use than conventional routes.,IISc Bangalore,2017,Published,,SYNTHETIC-DEMO,True
SYN-00589,project,Novel lithium alloy and cathode materials for battery and magnet applications,This project describes a lithium alloy and cathode materials for battery and magnet applications. Results indicate higher recovery and lower energy use than conventional routes.,CSIR-NML,2013,Ongoing,,SYNTHETIC-DEMO,True
SYN-00590,patent,Energy-efficient geochemical survey and remote sensing approach for lithium exploration,This patent describes a geochemical survey and remote sensing approach for lithium exploration. Results indicate higher recovery and lower energy use than conventional routes.,KABIL,2022,Published,,SYNTHETIC-DEMO,True
SYN-00591,project,Energy-efficient lithium alloy and cathode materials for battery and magnet applications,This project describes a lithium alloy and cathode materials for battery and magnet applications. Results indicate higher recovery and lower energy use than conventional routes.,IIT Kharagpur,2014,Ongoing,,SYNTHETIC-DEMO,True
SYN-00592,patent,Low-cost lithium alloy and cathode materials for battery and magnet applications,This patent describes a lithium alloy and cathode materials for battery and magnet applications. Results indicate higher recovery and lower energy use than conventional routes.,IISc Bangalore,2019,Granted,,SYNTHETIC-DEMO,True
SYN-00593,paper,Scalable hydrometallurgy route using acid leaching and solvent extraction for vanadium refining,This paper describes a hydrometallurgy route using acid leaching and solvent extraction for vanadium refining. Results indicate higher recovery and lower energy use than conventional routes.,IISc Bangalore,2016,Published,,SYNTHETIC-DEMO,True
SYN-00594,paper,Scalable lithium alloy and cathode materials for battery and magnet applications,This paper describes a lithium alloy and cathode materials for battery and magnet applications. Results indicate higher recovery and lower energy use than conventional routes.,IIT Bombay,2025,Published,,SYNTHETIC-DEMO,True
SYN-00595,patent,Scalable hydrometallurgy route using acid leaching and solvent extraction for cobalt refining,This patent describes a hydrometallurgy route using acid leaching and solvent extraction for cobalt refining. Results indicate higher recovery and lower energy use than conventional routes.,IIT (ISM) Dhanbad,2017,Published,,SYNTHETIC-DEMO,True
SYN-00596,project,Energy-efficient froth flotation and magnetic separation process for beneficiation of lithium ore,This project describes a froth flotation and magnetic separation process for beneficiation of lithium ore. Results indicate higher recovery and lower energy use than conventional routes.,IIT Kharagpur,2013,Ongoing,,SYNTHETIC-DEMO,True
SYN-00597,paper,Energy-efficient recycling process for lithium recovery from spent batteries and e-waste,This paper describes a recycling process for lithium recovery from spent batteries and e-waste. Results indicate higher recovery and lower energy use than conventional routes.,CSIR-IMMT,2023,Published,,SYNTHETIC-DEMO,True
SYN-00598,patent,Novel recycling process for lithium recovery from spent batteries and e-waste,This patent describes a recycling process for lithium recovery from spent batteries and e-waste. Results indicate higher recovery and lower energy use than conventional routes.,IREL,2025,Abandoned,,SYNTHETIC-DEMO,True
SYN-00599,patent,Low-cost lithium alloy and cathode materials for battery and magnet applications,This patent describes a lithium alloy and cathode materials for battery and magnet applications. Results indicate higher recovery and lower energy use than conventional routes.,IIT Madras,2012,Published,,SYNTHETIC-DEMO,True
SYN-00600,paper,Improved hydrometallurgy route using acid leaching and solvent extraction for rare earth refining,This paper describes a hydrometallurgy route using acid leaching and solvent extraction for rare earth refining. Results indicate higher recovery and lower energy use than conventional routes.,IISc Bangalore,2019,Published,,SYNTHETIC-DEMO,True
SYN-00601,patent,Energy-efficient open-pit mining planning method for lithium ore bodies,This patent describes a open-pit mining planning method for lithium ore bodies. Results indicate higher recovery and lower energy use than conventional routes.,BARC,2018,Published,,SYNTHETIC-DEMO,True
SYN-00602,paper,Low-cost recycling process for lithium recovery from spent batteries and e-waste,This paper describes a recycling process for lithium recovery from spent batteries and e-waste. Results indicate higher recovery and lower energy use than conventional routes.,IIT Kharagpur,2022,Published,,SYNTHETIC-DEMO,True
SYN-00603,paper,Novel froth flotation and magnetic separation process for beneficiation of rare earth ore,This paper describes a froth flotation and magnetic separation process for beneficiation of rare earth ore. Results indicate higher recovery and lower energy use than conventional routes.,NMDC R&D Centre,2017,Published,,SYNTHETIC-DEMO,True
SYN-00604,patent,Novel recycling process for lithium recovery from spent batteries and e-waste,This patent describes a recycling process for lithium recovery from spent batteries and e-waste. Results indicate higher recovery and lower energy use than conventional routes.,IREL,2024,Published,,SYNTHETIC-DEMO,True
SYN-00605,patent,Selective hydrometallurgy route using acid leaching and solvent extraction for lithium refining,This patent describes a hydrometallurgy route using acid leaching and solvent extraction for lithium refining. Results indicate higher recovery and lower energy use than conventional routes.,IISc Bangalore,2025,Published,,SYNTHETIC-DEMO,True
SYN-00606,patent,Novel hydrometallurgy route using acid leaching and solvent extraction for vanadium refining,This patent describes a hydrometallurgy route using acid leaching and solvent extraction for vanadium refining. Results indicate higher recovery and lower energy use than conventional routes.,IIT (ISM) Dhanbad,2014,Under examination,,SYNTHETIC-DEMO,True
SYN-00607,patent,Energy-efficient hydrometallurgy route using acid leaching and solvent extraction for nickel refining,This patent describes a hydrometallurgy route using acid leaching and solvent extraction for nickel refining. Results indicate higher recovery and lower energy use than conventional routes.,IIT (ISM) Dhanbad,2021,Under examination,,SYNTHETIC-DEMO,True
SYN-00608,patent,Energy-efficient hydrometallurgy route using acid leaching and solvent extraction for vanadium refining,This patent describes a hydrometallurgy route using acid leaching and solvent extraction for vanadium refining. Results indicate higher recovery and lower energy use than conventional routes.,NFTDC,2024,Published,,SYNTHETIC-DEMO,True
SYN-00609,paper,Selective cobalt alloy and cathode materials for battery and magnet applications,This paper describes a cobalt alloy and cathode materials for battery and magnet applications. Results indicate higher recovery and lower energy use than conventional routes.,IISc Bangalore,2023,Published,,SYNTHETIC-DEMO,True
SYN-00610,paper,Novel recycling process for cobalt recovery from spent batteries and e-waste,This paper describes a recycling process for cobalt recovery from spent batteries and e-waste. Results indicate higher recovery and lower energy use than conventional routes.,IREL,2021,Published,,SYNTHETIC-DEMO,True
SYN-00611,paper,Novel graphite alloy and cathode materials for battery and magnet applications,This paper describes a graphite alloy and cathode materials for battery and magnet applications. Results indicate higher recovery and lower energy use than conventional routes.,IIT Madras,2012,Published,,SYNTHETIC-DEMO,True
SYN-00612,paper,Low-cost recycling process for cobalt recovery from spent batteries and e-waste,This paper describes a recycling process for cobalt recovery from spent batteries and e-waste. Results indicate higher recovery and lower energy use than conventional routes.,BARC,2025,Published,,SYNTHETIC-DEMO,True
SYN-00613,patent,Novel froth flotation and magnetic separation process for beneficiation of nickel ore,This patent describes a froth flotation and magnetic separation process for beneficiation of nickel ore. Results indicate higher recovery and lower energy use than conventional routes.,NMDC R&D Centre,2025,Granted,,SYNTHETIC-DEMO,True
SYN-00614,paper,Selective cobalt alloy and cathode materials for battery and magnet applications,This paper describes a cobalt alloy and cathode materials for battery and magnet applications. Results indicate higher recovery and lower energy use than conventional routes.,IIT Madras,2024,Published,,SYNTHETIC-DEMO,True
SYN-00615,patent,Improved lithium alloy and cathode materials for battery and magnet applications,This patent describes a lithium alloy and cathode materials for battery and magnet applications. Results indicate higher recovery and lower energy use than conventional routes.,IIT Kharagpur,2021,Under examination,,SYNTHETIC-DEMO,True
SYN-00616,patent,Novel lithium alloy and cathode materials for battery and magnet applications,This patent describes a lithium alloy and cathode materials for battery and magnet applications. Results indicate higher recovery and lower energy use than conventional routes.,NFTDC,2016,Published,,SYNTHETIC-DEMO,True
SYN-00617,paper,Scalable graphite alloy and cathode materials for battery and magnet applications,This paper describes a graphite alloy and cathode materials for battery and magnet applications. Results indicate higher recovery and lower energy use than conventional routes.,IIT (ISM) Dhanbad,2023,Published,,SYNTHETIC-DEMO,True
SYN-00618,paper,Energy-efficient hydrometallurgy route using acid leaching and solvent extraction for nickel refining,This paper describes a hydrometallurgy route using acid leaching and solvent extraction for nickel refining. Results indicate higher recovery and lower energy use than conventional routes.,NFTDC,2018,Published,,SYNTHETIC-DEMO,True
SYN-00619,patent,Low-cost geochemical survey and remote sensing approach for lithium exploration,This patent describes a geochemical survey and remote sensing approach for lithium exploration. Results indicate higher recovery and lower energy use than conventional routes.,IIT Kharagpur,2017,Published,,SYNTHETIC-DEMO,True
SYN-00620,patent,Improved open-pit mining planning method for cobalt ore bodies,This patent describes a open-pit mining planning method for cobalt ore bodies. Results indicate higher recovery and lower energy use than conventional routes.,IIT Kharagpur,2019,Granted,,SYNTHETIC-DEMO,True
SYN-00621,paper,Scalable hydrometallurgy route using acid leaching and solvent extraction for lithium refining,This paper describes a hydrometallurgy route using acid leaching and solvent extraction for lithium refining. Results indicate higher recovery and lower energy use than conventional routes.,KABIL,2019,Published,,SYNTHETIC-DEMO,True
SYN-00622,patent,Scalable hydrometallurgy route using acid leaching and solvent extraction for lithium refining,This patent describes a hydrometallurgy route using acid leaching and solvent extraction for lithium refining. Results indicate higher recovery and lower energy use than conventional routes.,CSIR-NML,2021,Under examination,,SYNTHETIC-DEMO,True
SYN-00623,patent,Low-cost open-pit mining planning method for nickel ore bodies,This patent describes a open-pit mining planning method for nickel ore bodies. Results indicate higher recovery and lower energy use than conventional routes.,IIT Bombay,2019,Granted,,SYNTHETIC-DEMO,True
SYN-00624,patent,Selective froth flotation and magnetic separation process for beneficiation of cobalt ore,This patent describes a froth flotation and magnetic separation process for beneficiation of cobalt ore. Results indicate higher recovery and lower energy use than conventional routes.,IIT Madras,2023,Published,,SYNTHETIC-DEMO,True
SYN-00625,patent,Novel froth flotation and magnetic separation process for beneficiation of graphite ore,This patent describes a froth flotation and magnetic separation process for beneficiation of graphite ore. Results indicate higher recovery and lower energy use than conventional routes.,IREL,2021,Published,,SYNTHETIC-DEMO,True
SYN-00626,patent,Low-cost lithium alloy and cathode materials for battery and magnet applications,This patent describes a lithium alloy and cathode materials for battery and magnet applications. Results indicate higher recovery and lower energy use than conventional routes.,IIT Madras,2018,Published,,SYNTHETIC-DEMO,True
SYN-00627,patent,Low-cost recycling process for lithium recovery from spent batteries and e-waste,This patent describes a recycling process for lithium recovery from spent batteries and e-waste. Results indicate higher recovery and lower energy use than conventional routes.,IIT (ISM) Dhanbad,2024,Published,,SYNTHETIC-DEMO,True
SYN-00628,patent,Low-cost lithium alloy and cathode materials for battery and magnet applications,This patent describes a lithium alloy and cathode materials for battery and magnet applications. Results indicate higher recovery and lower energy use than conventional routes.,CSIR-IMMT,2021,Under examination,,SYNTHETIC-DEMO,True
SYN-00629,patent,Energy-efficient lithium alloy and cathode materials for battery and magnet applications,This patent describes a lithium alloy and cathode materials for battery and magnet applications. Results indicate higher recovery and lower energy use than conventional routes.,IISc Bangalore,2018,Published,,SYNTHETIC-DEMO,True
SYN-00630,patent,Novel hydrometallurgy route using acid leaching and solvent extraction for cobalt refining,This patent describes a hydrometallurgy route using acid leaching and solvent extraction for cobalt refining. Results indicate higher recovery and lower energy use than conventional routes.,NMDC R&D Centre,2014,Published,,SYNTHETIC-DEMO,True
SYN-00631,patent,Energy-efficient recycling process for lithium recovery from spent batteries and e-waste,This patent describes a recycling process for lithium recovery from spent batteries and e-waste. Results indicate higher recovery and lower energy use than conventional routes.,IIT (ISM) Dhanbad,2016,Granted,,SYNTHETIC-DEMO,True
SYN-00632,project,Improved froth flotation and magnetic separation process for beneficiation of lithium ore,This project describes a froth flotation and magnetic separation process for beneficiation of lithium ore. Results indicate higher recovery and lower energy use than conventional routes.,BARC,2016,Ongoing,,SYNTHETIC-DEMO,True
SYN-00633,project,Energy-efficient hydrometallurgy route using acid leaching and solvent extraction for cobalt refining,This project describes a hydrometallurgy route using acid leaching and solvent extraction for cobalt refining. Results indicate higher recovery and lower energy use than conventional routes.,IIT Kharagpur,2025,Completed,,SYNTHETIC-DEMO,True
SYN-00634,paper,Improved lithium alloy and cathode materials for battery and magnet applications,This paper describes a lithium alloy and cathode materials for battery and magnet applications. Results indicate higher recovery and lower energy use than conventional routes.,IIT Kharagpur,2023,Published,,SYNTHETIC-DEMO,True
SYN-00635,project,Energy-efficient hydrometallurgy route using acid leaching and solvent extraction for lithium refining,This project describes a hydrometallurgy route using acid leaching and solvent extraction for lithium refining. Results indicate higher recovery and lower energy use than conventional routes.,NFTDC,2020,Completed,,SYNTHETIC-DEMO,True
SYN-00636,paper,Novel open-pit mining planning method for nickel ore bodies,This paper describes a open-pit mining planning method for nickel ore bodies. Results indicate higher recovery and lower energy use than conventional routes.,IIT Madras,2019,Published,,SYNTHETIC-DEMO,True
SYN-00637,project,Improved lithium alloy and cathode materials for battery and magnet applications,This project describes a lithium alloy and cathode materials for battery and magnet applications. Results indicate higher recovery and lower energy use than conventional routes.,IIT Kharagpur,2015,Completed,,SYNTHETIC-DEMO,True
SYN-00638,patent,Scalable froth flotation and magnetic separation process for beneficiation of cobalt ore,This patent describes a froth flotation and magnetic separation process for beneficiation of cobalt ore. Results indicate higher recovery and lower energy use than conventional routes.,IIT Kharagpur,2022,Under examination,,SYNTHETIC-DEMO,True
SYN-00639,project,Scalable cobalt alloy and cathode materials for battery and magnet applications,This project describes a cobalt alloy and cathode materials for battery and magnet applications. Results indicate higher recovery and lower energy use than conventional routes.,CSIR-NML,2016,Ongoing,,SYNTHETIC-DEMO,True
SYN-00640,patent,Novel graphite alloy and cathode materials for battery and magnet applications,This patent describes a graphite alloy and cathode materials for battery and magnet applications. Results indicate higher recovery and lower energy use than conventional routes.,NFTDC,2022,Published,,SYNTHETIC-DEMO,True
SYN-00641,paper,Selective froth flotation and magnetic separation process for beneficiation of graphite ore,This paper describes a froth flotation and magnetic separation process for beneficiation of graphite ore. Results indicate higher recovery and lower energy use than conventional routes.,NMDC R&D Centre,2021,Published,,SYNTHETIC-DEMO,True
SYN-00642,paper,Low-cost vanadium alloy and cathode materials for battery and magnet applications,This paper describes a vanadium alloy and cathode materials for battery and magnet applications. Results indicate higher recovery and lower energy use than conventional routes.,IIT Madras,2022,Published,,SYNTHETIC-DEMO,True
SYN-00643,patent,Selective rare earth alloy and cathode materials for battery and magnet applications,This patent describes a rare earth alloy and cathode materials for battery and magnet applications. Results indicate higher recovery and lower energy use than conventional routes.,KABIL,2022,Published,,SYNTHETIC-DEMO,True
SYN-00644,patent,Improved cobalt alloy and cathode materials for battery and magnet applications,This patent describes a cobalt alloy and cathode materials for battery and magnet applications. Results indicate higher recovery and lower energy use than conventional routes.,IIT Kharagpur,2015,Granted,,SYNTHETIC-DEMO,True
SYN-00645,project,Selective open-pit mining planning method for rare earth ore bodies,This project describes a open-pit mining planning method for rare earth ore bodies. Results indicate higher recovery and lower energy use than conventional routes.,IIT Bombay,2017,Ongoing,,SYNTHETIC-DEMO,True
SYN-00646,patent,Novel hydrometallurgy route using acid leaching and solvent extraction for vanadium refining,This patent describes a hydrometallurgy route using acid leaching and solvent extraction for vanadium refining. Results indicate higher recovery and lower energy use than conventional routes.,NFTDC,2022,Under examination,,SYNTHETIC-DEMO,True
SYN-00647,paper,Energy-efficient geochemical survey and remote sensing approach for lithium exploration,This paper describes a geochemical survey and remote sensing approach for lithium exploration. Results indicate higher recovery and lower energy use than conventional routes.,IISc Bangalore,2021,Published,,SYNTHETIC-DEMO,True
SYN-00648,paper,Novel open-pit mining planning method for graphite ore bodies,This paper describes a open-pit mining planning method for graphite ore bodies. Results indicate higher recovery and lower energy use than conventional routes.,IIT Bombay,2025,Published,,SYNTHETIC-DEMO,True
SYN-00649,paper,Improved hydrometallurgy route using acid leaching and solvent extraction for lithium refining,This paper describes a hydrometallurgy route using acid leaching and solvent extraction for lithium refining. Results indicate higher recovery and lower energy use than conventional routes.,IISc Bangalore,2017,Published,,SYNTHETIC-DEMO,True
SYN-00650,patent,Low-cost froth flotation and magnetic separation process for beneficiation of cobalt ore,This patent describes a froth flotation and magnetic separation process for beneficiation of cobalt ore. Results indicate higher recovery and lower energy use than conventional routes.,IIT Kharagpur,2016,Published,,SYNTHETIC-DEMO,True
SYN-00651,patent,Selective froth flotation and magnetic separation process for beneficiation of rare earth ore,This patent describes a froth flotation and magnetic separation process for beneficiation of rare earth ore. Results indicate higher recovery and lower energy use than conventional routes.,IIT Kharagpur,2015,Published,,SYNTHETIC-DEMO,True
SYN-00652,paper,Energy-efficient lithium alloy and cathode materials for battery and magnet applications,This paper describes a lithium alloy and cathode materials for battery and magnet applications. Results indicate higher recovery and lower energy use than conventional routes.,IIT (ISM) Dhanbad,2022,Published,,SYNTHETIC-DEMO,True
SYN-00653,patent,Selective lithium alloy and cathode materials for battery and magnet applications,This patent describes a lithium alloy and cathode materials for battery and magnet applications. Results indicate higher recovery and lower energy use than conventional routes.,IIT Madras,2022,Published,,SYNTHETIC-DEMO,True
SYN-00654,patent,Selective froth flotation and magnetic separation process for beneficiation of cobalt ore,This patent describes a froth flotation and magnetic separation process for beneficiation of cobalt ore. Results indicate higher recovery and lower energy use than conventional routes.,IIT Kharagpur,2022,Granted,,SYNTHETIC-DEMO,True
SYN-00655,patent,Scalable lithium alloy and cathode materials for battery and magnet applications,This patent describes a lithium alloy and cathode materials for battery and magnet applications. Results indicate higher recovery and lower energy use than conventional routes.,IIT Bombay,2013,Granted,,SYNTHETIC-DEMO,True
SYN-00656,project,Selective hydrometallurgy route using acid leaching and solvent extraction for cobalt refining,This project describes a hydrometallurgy route using acid leaching and solvent extraction for cobalt refining. Results indicate higher recovery and lower energy use than conventional routes.,NFTDC,2023,Ongoing,,SYNTHETIC-DEMO,True
SYN-00657,project,Low-cost hydrometallurgy route using acid leaching and solvent extraction for nickel refining,This project describes a hydrometallurgy route using acid leaching and solvent extraction for nickel refining. Results indicate higher recovery and lower energy use than conventional routes.,CSIR-IMMT,2025,Completed,,SYNTHETIC-DEMO,True
SYN-00658,paper,Low-cost lithium alloy and cathode materials for battery and magnet applications,This paper describes a lithium alloy and cathode materials for battery and magnet applications. Results indicate higher recovery and lower energy use than conventional routes.,IISc Bangalore,2024,Published,,SYNTHETIC-DEMO,True
SYN-00659,project,Scalable recycling process for lithium recovery from spent batteries and e-waste,This project describes a recycling process for lithium recovery from spent batteries and e-waste. Results indicate higher recovery and lower energy use than conventional routes.,NMDC R&D Centre,2025,Ongoing,,SYNTHETIC-DEMO,True
SYN-00660,patent,Novel froth flotation and magnetic separation process for beneficiation of rare earth ore,This patent describes a froth flotation and magnetic separation process for beneficiation of rare earth ore. Results indicate higher recovery and lower energy use than conventional routes.,IIT Kharagpur,2021,Granted,,SYNTHETIC-DEMO,True
SYN-00661,patent,Low-cost geochemical survey and remote sensing approach for lithium exploration,This patent describes a geochemical survey and remote sensing approach for lithium exploration. Results indicate higher recovery and lower energy use than conventional routes.,IISc Bangalore,2024,Under examination,,SYNTHETIC-DEMO,True
SYN-00662,patent,Energy-efficient froth flotation and magnetic separation process for beneficiation of rare earth ore,This patent describes a froth flotation and magnetic separation process for beneficiation of rare earth ore. Results indicate higher recovery and lower energy use than conventional routes.,IIT Madras,2022,Abandoned,,SYNTHETIC-DEMO,True
SYN-00663,project,Scalable hydrometallurgy route using acid leaching and solvent extraction for lithium refining,This project describes a hydrometallurgy route using acid leaching and solvent extraction for lithium refining. Results indicate higher recovery and lower energy use than conventional routes.,IISc Bangalore,2025,Completed,,SYNTHETIC-DEMO,True
SYN-00664,patent,Scalable hydrometallurgy route using acid leaching and solvent extraction for rare earth refining,This patent describes a hydrometallurgy route using acid leaching and solvent extraction for rare earth refining. Results indicate higher recovery and lower energy use than conventional routes.,NFTDC,2020,Under examination,,SYNTHETIC-DEMO,True
SYN-00665,patent,Low-cost geochemical survey and remote sensing approach for rare earth exploration,This patent describes a geochemical survey and remote sensing approach for rare earth exploration. Results indicate higher recovery and lower energy use than conventional routes.,IIT Madras,2012,Under examination,,SYNTHETIC-DEMO,True
SYN-00666,patent,Novel hydrometallurgy route using acid leaching and solvent extraction for lithium refining,This patent describes a hydrometallurgy route using acid leaching and solvent extraction for lithium refining. Results indicate higher recovery and lower energy use than conventional routes.,IIT Kharagpur,2021,Granted,,SYNTHETIC-DEMO,True
SYN-00667,paper,Scalable froth flotation and magnetic separation process for beneficiation of rare earth ore,This paper describes a froth flotation and magnetic separation process for beneficiation of rare earth ore. Results indicate higher recovery and lower energy use than conventional routes.,BARC,2014,Published,,SYNTHETIC-DEMO,True
SYN-00668,patent,Scalable hydrometallurgy route using acid leaching and solvent extraction for nickel refining,This patent describes a hydrometallurgy route using acid leaching and solvent extraction for nickel refining. Results indicate higher recovery and lower energy use than conventional routes.,IISc Bangalore,2023,Under examination,,SYNTHETIC-DEMO,True
SYN-00669,paper,Novel lithium alloy and cathode materials for battery and magnet applications,This paper describes a lithium alloy and cathode materials for battery and magnet applications. Results indicate higher recovery and lower energy use than conventional routes.,IIT (ISM) Dhanbad,2025,Published,,SYNTHETIC-DEMO,True
SYN-00670,patent,Novel graphite alloy and cathode materials for battery and magnet applications,This patent describes a graphite alloy and cathode materials for battery and magnet applications. Results indicate higher recovery and lower energy use than conventional routes.,IIT (ISM) Dhanbad,2015,Published,,SYNTHETIC-DEMO,True
SYN-00671,paper,Improved nickel alloy and cathode materials for battery and magnet applications,This paper describes a nickel alloy and cathode materials for battery and magnet applications. Results indicate higher recovery and lower energy use than conventional routes.,CSIR-NML,2014,Published,,SYNTHETIC-DEMO,True
SYN-00672,paper,Selective geochemical survey and remote sensing approach for rare earth exploration,This paper describes a geochemical survey and remote sensing approach for rare earth exploration. Results indicate higher recovery and lower energy use than conventional routes.,IIT (ISM) Dhanbad,2025,Published,,SYNTHETIC-DEMO,True
SYN-00673,patent,Energy-efficient vanadium alloy and cathode materials for battery and magnet applications,This patent describes a vanadium alloy and cathode materials for battery and magnet applications. Results indicate higher recovery and lower energy use than conventional routes.,IIT Kharagpur,2022,Granted,,SYNTHETIC-DEMO,True
SYN-00674,patent,Selective hydrometallurgy route using acid leaching and solvent extraction for lithium refining,This patent describes a hydrometallurgy route using acid leaching and solvent extraction for lithium refining. Results indicate higher recovery and lower energy use than conventional routes.,NFTDC,2025,Published,,SYNTHETIC-DEMO,True
SYN-00675,paper,Novel rare earth alloy and cathode materials for battery and magnet applications,This paper describes a rare earth alloy and cathode materials for battery and magnet applications. Results indicate higher recovery and lower energy use than conventional routes.,IIT Madras,2024,Published,,SYNTHETIC-DEMO,True
SYN-00676,paper,Low-cost open-pit mining planning method for nickel ore bodies,This paper describes a open-pit mining planning method for nickel ore bodies. Results indicate higher recovery and lower energy use than conventional routes.,IIT Madras,2021,Published,,SYNTHETIC-DEMO,True
SYN-00677,patent,Energy-efficient nickel alloy and cathode materials for battery and magnet applications,This patent describes a nickel alloy and cathode materials for battery and magnet applications. Results indicate higher recovery and lower energy use than conventional routes.,IIT Madras,2022,Published,,SYNTHETIC-DEMO,True
SYN-00678,paper,Scalable open-pit mining planning method for vanadium ore bodies,This paper describes a open-pit mining planning method for vanadium ore bodies. Results indicate higher recovery and lower energy use than conventional routes.,IIT Bombay,2014,Published,,SYNTHETIC-DEMO,True
SYN-00679,patent,Energy-efficient hydrometallurgy route using acid leaching and solvent extraction for rare earth refining,This patent describes a hydrometallurgy route using acid leaching and solvent extraction for rare earth refining. Results indicate higher recovery and lower energy use than conventional routes.,KABIL,2023,Granted,,SYNTHETIC-DEMO,True
SYN-00680,patent,Scalable lithium alloy and cathode materials for battery and magnet applications,This patent describes a lithium alloy and cathode materials for battery and magnet applications. Results indicate higher recovery and lower energy use than conventional routes.,IISc Bangalore,2013,Granted,,SYNTHETIC-DEMO,True
SYN-00681,patent,Novel open-pit mining planning method for nickel ore bodies,This patent describes a open-pit mining planning method for nickel ore bodies. Results indicate higher recovery and lower energy use than conventional routes.,CSIR-IMMT,2018,Published,,SYNTHETIC-DEMO,True
SYN-00682,patent,Energy-efficient froth flotation and magnetic separation process for beneficiation of rare earth ore,This patent describes a froth flotation and magnetic separation process for beneficiation of rare earth ore. Results indicate higher recovery and lower energy use than conventional routes.,IIT Kharagpur,2024,Published,,SYNTHETIC-DEMO,True
SYN-00683,patent,Improved geochemical survey and remote sensing approach for lithium exploration,This patent describes a geochemical survey and remote sensing approach for lithium exploration. Results indicate higher recovery and lower energy use than conventional routes.,CSIR-NML,2015,Published,,SYNTHETIC-DEMO,True
SYN-00684,patent,Improved hydrometallurgy route using acid leaching and solvent extraction for lithium refining,This patent describes a hydrometallurgy route using acid leaching and solvent extraction for lithium refining. Results indicate higher recovery and lower energy use than conventional routes.,NFTDC,2021,Granted,,SYNTHETIC-DEMO,True
SYN-00685,paper,Scalable recycling process for rare earth recovery from spent batteries and e-waste,This paper describes a recycling process for rare earth recovery from spent batteries and e-waste. Results indicate higher recovery and lower energy use than conventional routes.,IREL,2024,Published,,SYNTHETIC-DEMO,True
SYN-00686,paper,Scalable geochemical survey and remote sensing approach for rare earth exploration,This paper describes a geochemical survey and remote sensing approach for rare earth exploration. Results indicate higher recovery and lower energy use than conventional routes.,KABIL,2013,Published,,SYNTHETIC-DEMO,True
SYN-00687,patent,Energy-efficient lithium alloy and cathode materials for battery and magnet applications,This patent describes a lithium alloy and cathode materials for battery and magnet applications. Results indicate higher recovery and lower energy use than conventional routes.,IIT Madras,2013,Published,,SYNTHETIC-DEMO,True
SYN-00688,patent,Improved froth flotation and magnetic separation process for beneficiation of lithium ore,This patent describes a froth flotation and magnetic separation process for beneficiation of lithium ore. Results indicate higher recovery and lower energy use than conventional routes.,NMDC R&D Centre,2013,Granted,,SYNTHETIC-DEMO,True
SYN-00689,patent,Improved lithium alloy and cathode materials for battery and magnet applications,This patent describes a lithium alloy and cathode materials for battery and magnet applications. Results indicate higher recovery and lower energy use than conventional routes.,IIT Madras,2017,Under examination,,SYNTHETIC-DEMO,True
SYN-00690,patent,Improved cobalt alloy and cathode materials for battery and magnet applications,This patent describes a cobalt alloy and cathode materials for battery and magnet applications. Results indicate higher recovery and lower energy use than conventional routes.,CSIR-IMMT,2014,Published,,SYNTHETIC-DEMO,True
SYN-00691,patent,Novel hydrometallurgy route using acid leaching and solvent extraction for lithium refining,This patent describes a hydrometallurgy route using acid leaching and solvent extraction for lithium refining. Results indicate higher recovery and lower energy use than conventional routes.,IIT Bombay,2018,Abandoned,,SYNTHETIC-DEMO,True
SYN-00692,paper,Selective hydrometallurgy route using acid leaching and solvent extraction for rare earth refining,This paper describes a hydrometallurgy route using acid leaching and solvent extraction for rare earth refining. Results indicate higher recovery and lower energy use than conventional routes.,IIT Bombay,2017,Published,,SYNTHETIC-DEMO,True
SYN-00693,paper,Energy-efficient froth flotation and magnetic separation process for beneficiation of graphite ore,This paper describes a froth flotation and magnetic separation process for beneficiation of graphite ore. Results indicate higher recovery and lower energy use than conventional routes.,NMDC R&D Centre,2025,Published,,SYNTHETIC-DEMO,True
SYN-00694,paper,Low-cost froth flotation and magnetic separation process for beneficiation of lithium ore,This paper describes a froth flotation and magnetic separation process for beneficiation of lithium ore. Results indicate higher recovery and lower energy use than conventional routes.,BARC,2024,Published,,SYNTHETIC-DEMO,True
SYN-00695,paper,Scalable geochemical survey and remote sensing approach for cobalt exploration,This paper describes a geochemical survey and remote sensing approach for cobalt exploration. Results indicate higher recovery and lower energy use than conventional routes.,IIT Madras,2013,Published,,SYNTHETIC-DEMO,True
SYN-00696,patent,Improved recycling process for lithium recovery from spent batteries and e-waste,This patent describes a recycling process for lithium recovery from spent batteries and e-waste. Results indicate higher recovery and lower energy use than conventional routes.,NMDC R&D Centre,2025,Published,,SYNTHETIC-DEMO,True
SYN-00697,patent,Scalable geochemical survey and remote sensing approach for lithium exploration,This patent describes a geochemical survey and remote sensing approach for lithium exploration. Results indicate higher recovery and lower energy use than conventional routes.,IIT (ISM) Dhanbad,2013,Granted,,SYNTHETIC-DEMO,True
SYN-00698,patent,Novel open-pit mining planning method for nickel ore bodies,This patent describes a open-pit mining planning method for nickel ore bodies. Results indicate higher recovery and lower energy use than conventional routes.,NMDC R&D Centre,2025,Abandoned,,SYNTHETIC-DEMO,True
SYN-00699,patent,Scalable froth flotation and magnetic separation process for beneficiation of rare earth ore,This patent describes a froth flotation and magnetic separation process for beneficiation of rare earth ore. Results indicate higher recovery and lower energy use than conventional routes.,CSIR-IMMT,2023,Abandoned,,SYNTHETIC-DEMO,True
SYN-00700,project,Energy-efficient open-pit mining planning method for cobalt ore bodies,This project describes a open-pit mining planning method for cobalt ore bodies. Results indicate higher recovery and lower energy use than conventional routes.,IIT Madras,2018,Ongoing,,SYNTHETIC-DEMO,True
SYN-00701,paper,Selective recycling process for nickel recovery from spent batteries and e-waste,This paper describes a recycling process for nickel recovery from spent batteries and e-waste. Results indicate higher recovery and lower energy use than conventional routes.,NMDC R&D Centre,2023,Published,,SYNTHETIC-DEMO,True
SYN-00702,paper,Energy-efficient graphite alloy and cathode materials for battery and magnet applications,This paper describes a graphite alloy and cathode materials for battery and magnet applications. Results indicate higher recovery and lower energy use than conventional routes.,IIT (ISM) Dhanbad,2013,Published,,SYNTHETIC-DEMO,True
SYN-00703,paper,Improved froth flotation and magnetic separation process for beneficiation of graphite ore,This paper describes a froth flotation and magnetic separation process for beneficiation of graphite ore. Results indicate higher recovery and lower energy use than conventional routes.,NMDC R&D Centre,2022,Published,,SYNTHETIC-DEMO,True
SYN-00704,project,Selective open-pit mining planning method for rare earth ore bodies,This project describes a open-pit mining planning method for rare earth ore bodies. Results indicate higher recovery and lower energy use than conventional routes.,IREL,2014,Completed,,SYNTHETIC-DEMO,True
SYN-00705,paper,Improved cobalt alloy and cathode materials for battery and magnet applications,This paper describes a cobalt alloy and cathode materials for battery and magnet applications. Results indicate higher recovery and lower energy use than conventional routes.,CSIR-IMMT,2014,Published,,SYNTHETIC-DEMO,True
SYN-00706,patent,Selective hydrometallurgy route using acid leaching and solvent extraction for nickel refining,This patent describes a hydrometallurgy route using acid leaching and solvent extraction for nickel refining. Results indicate higher recovery and lower energy use than conventional routes.,NFTDC,2013,Published,,SYNTHETIC-DEMO,True
SYN-00707,paper,Energy-efficient lithium alloy and cathode materials for battery and magnet applications,This paper describes a lithium alloy and cathode materials for battery and magnet applications. Results indicate higher recovery and lower energy use than conventional routes.,IISc Bangalore,2017,Published,,SYNTHETIC-DEMO,True
SYN-00708,paper,Energy-efficient lithium alloy and cathode materials for battery and magnet applications,This paper describes a lithium alloy and cathode materials for battery and magnet applications. Results indicate higher recovery and lower energy use than conventional routes.,IIT Madras,2020,Published,,SYNTHETIC-DEMO,True
SYN-00709,paper,Novel graphite alloy and cathode materials for battery and magnet applications,This paper describes a graphite alloy and cathode materials for battery and magnet applications. Results indicate higher recovery and lower energy use than conventional routes.,IISc Bangalore,2023,Published,,SYNTHETIC-DEMO,True
SYN-00710,project,Energy-efficient lithium alloy and cathode materials for battery and magnet applications,This project describes a lithium alloy and cathode materials for battery and magnet applications. Results indicate higher recovery and lower energy use than conventional routes.,IIT Madras,2020,Ongoing,,SYNTHETIC-DEMO,True
SYN-00711,paper,Improved rare earth alloy and cathode materials for battery and magnet applications,This paper describes a rare earth alloy and cathode materials for battery and magnet applications. Results indicate higher recovery and lower energy use than conventional routes.,IISc Bangalore,2020,Published,,SYNTHETIC-DEMO,True
SYN-00712,paper,Novel nickel alloy and cathode materials for battery and magnet applications,This paper describes a nickel alloy and cathode materials for battery and magnet applications. Results indicate higher recovery and lower energy use than conventional routes.,CSIR-IMMT,2024,Published,,SYNTHETIC-DEMO,True
SYN-00713,patent,Low-cost geochemical survey and remote sensing approach for lithium exploration,This patent describes a geochemical survey and remote sensing approach for lithium exploration. Results indicate higher recovery and lower energy use than conventional routes.,KABIL,2019,Abandoned,,SYNTHETIC-DEMO,True
SYN-00714,patent,Improved recycling process for nickel recovery from spent batteries and e-waste,This patent describes a recycling process for nickel recovery from spent batteries and e-waste. Results indicate higher recovery and lower energy use than conventional routes.,IISc Bangalore,2023,Published,,SYNTHETIC-DEMO,True
SYN-00715,patent,Energy-efficient hydrometallurgy route using acid leaching and solvent extraction for lithium refining,This patent describes a hydrometallurgy route using acid leaching and solvent extraction for lithium refining. Results indicate higher recovery and lower energy use than conventional routes.,KABIL,2020,Under examination,,SYNTHETIC-DEMO,True
SYN-00716,paper,Selective froth flotation and magnetic separation process for beneficiation of rare earth ore,This paper describes a froth flotation and magnetic separation process for beneficiation of rare earth ore. Results indicate higher recovery and lower energy use than conventional routes.,IIT Kharagpur,2019,Published,,SYNTHETIC-DEMO,True
SYN-00717,paper,Energy-efficient geochemical survey and remote sensing approach for nickel exploration,This paper describes a geochemical survey and remote sensing approach for nickel exploration. Results indicate higher recovery and lower energy use than conventional routes.,IIT (ISM) Dhanbad,2019,Published,,SYNTHETIC-DEMO,True
SYN-00718,paper,Novel recycling process for lithium recovery from spent batteries and e-waste,This paper describes a recycling process for lithium recovery from spent batteries and e-waste. Results indicate higher recovery and lower energy use than conventional routes.,IREL,2023,Published,,SYNTHETIC-DEMO,True
SYN-00719,patent,Scalable froth flotation and magnetic separation process for beneficiation of graphite ore,This patent describes a froth flotation and magnetic separation process for beneficiation of graphite ore. Results indicate higher recovery and lower energy use than conventional routes.,IREL,2015,Under examination,,SYNTHETIC-DEMO,True
SYN-00720,patent,Scalable hydrometallurgy route using acid leaching and solvent extraction for rare earth refining,This patent describes a hydrometallurgy route using acid leaching and solvent extraction for rare earth refining. Results indicate higher recovery and lower energy use than conventional routes.,CSIR-IMMT,2019,Published,,SYNTHETIC-DEMO,True
SYN-00721,project,Novel lithium alloy and cathode materials for battery and magnet applications,This project describes a lithium alloy and cathode materials for battery and magnet applications. Results indicate higher recovery and lower energy use than conventional routes.,IIT Madras,2014,Ongoing,,SYNTHETIC-DEMO,True
SYN-00722,paper,Energy-efficient hydrometallurgy route using acid leaching and solvent extraction for vanadium refining,This paper describes a hydrometallurgy route using acid leaching and solvent extraction for vanadium refining. Results indicate higher recovery and lower energy use than conventional routes.,IIT Bombay,2019,Published,,SYNTHETIC-DEMO,True
SYN-00723,paper,Scalable lithium alloy and cathode materials for battery and magnet applications,This paper describes a lithium alloy and cathode materials for battery and magnet applications. Results indicate higher recovery and lower energy use than conventional routes.,KABIL,2025,Published,,SYNTHETIC-DEMO,True
SYN-00724,patent,Novel open-pit mining planning method for lithium ore bodies,This patent describes a open-pit mining planning method for lithium ore bodies. Results indicate higher recovery and lower energy use than conventional routes.,IISc Bangalore,2018,Granted,,SYNTHETIC-DEMO,True
SYN-00725,patent,Low-cost lithium alloy and cathode materials for battery and magnet applications,This patent describes a lithium alloy and cathode materials for battery and magnet applications. Results indicate higher recovery and lower energy use than conventional routes.,IISc Bangalore,2024,Under examination,,SYNTHETIC-DEMO,True
SYN-00726,patent,Selective hydrometallurgy route using acid leaching and solvent extraction for nickel refining,This patent describes a hydrometallurgy route using acid leaching and solvent extraction for nickel refining. Results indicate higher recovery and lower energy use than conventional routes.,IIT (ISM) Dhanbad,2019,Granted,,SYNTHETIC-DEMO,True
SYN-00727,patent,Improved nickel alloy and cathode materials for battery and magnet applications,This patent describes a nickel alloy and cathode materials for battery and magnet applications. Results indicate higher recovery and lower energy use than conventional routes.,IISc Bangalore,2025,Published,,SYNTHETIC-DEMO,True
SYN-00728,patent,Selective rare earth alloy and cathode materials for battery and magnet applications,This patent describes a rare earth alloy and cathode materials for battery and magnet applications. Results indicate higher recovery and lower energy use than conventional routes.,CSIR-IMMT,2022,Published,,SYNTHETIC-DEMO,True
SYN-00729,patent,Improved geochemical survey and remote sensing approach for rare earth exploration,This patent describes a geochemical survey and remote sensing approach for rare earth exploration. Results indicate higher recovery and lower energy use than conventional routes.,IIT Kharagpur,2024,Published,,SYNTHETIC-DEMO,True
SYN-00730,paper,Energy-efficient open-pit mining planning method for vanadium ore bodies,This paper describes a open-pit mining planning method for vanadium ore bodies. Results indicate higher recovery and lower energy use than conventional routes.,IIT Bombay,2025,Published,,SYNTHETIC-DEMO,True
SYN-00731,patent,Scalable froth flotation and magnetic separation process for beneficiation of nickel ore,This patent describes a froth flotation and magnetic separation process for beneficiation of nickel ore. Results indicate higher recovery and lower energy use than conventional routes.,CSIR-NML,2018,Published,,SYNTHETIC-DEMO,True
SYN-00732,paper,Selective froth flotation and magnetic separation process for beneficiation of nickel ore,This paper describes a froth flotation and magnetic separation process for beneficiation of nickel ore. Results indicate higher recovery and lower energy use than conventional routes.,BARC,2021,Published,,SYNTHETIC-DEMO,True
SYN-00733,paper,Novel recycling process for graphite recovery from spent batteries and e-waste,This paper describes a recycling process for graphite recovery from spent batteries and e-waste. Results indicate higher recovery and lower energy use than conventional routes.,CSIR-IMMT,2024,Published,,SYNTHETIC-DEMO,True
SYN-00734,paper,Energy-efficient hydrometallurgy route using acid leaching and solvent extraction for rare earth refining,This paper describes a hydrometallurgy route using acid leaching and solvent extraction for rare earth refining. Results indicate higher recovery and lower energy use than conventional routes.,NFTDC,2014,Published,,SYNTHETIC-DEMO,True
SYN-00735,patent,Scalable geochemical survey and remote sensing approach for lithium exploration,This patent describes a geochemical survey and remote sensing approach for lithium exploration. Results indicate higher recovery and lower energy use than conventional routes.,CSIR-NML,2018,Published,,SYNTHETIC-DEMO,True
SYN-00736,patent,Low-cost geochemical survey and remote sensing approach for lithium exploration,This patent describes a geochemical survey and remote sensing approach for lithium exploration. Results indicate higher recovery and lower energy use than conventional routes.,IREL,2023,Under examination,,SYNTHETIC-DEMO,True
SYN-00737,patent,Novel geochemical survey and remote sensing approach for lithium exploration,This patent describes a geochemical survey and remote sensing approach for lithium exploration. Results indicate higher recovery and lower energy use than conventional routes.,KABIL,2025,Granted,,SYNTHETIC-DEMO,True
SYN-00738,paper,Scalable froth flotation and magnetic separation process for beneficiation of graphite ore,This paper describes a froth flotation and magnetic separation process for beneficiation of graphite ore. Results indicate higher recovery and lower energy use than conventional routes.,IIT Bombay,2022,Published,,SYNTHETIC-DEMO,True
SYN-00739,paper,Novel nickel alloy and cathode materials for battery and magnet applications,This paper describes a nickel alloy and cathode materials for battery and magnet applications. Results indicate higher recovery and lower energy use than conventional routes.,IIT Bombay,2015,Published,,SYNTHETIC-DEMO,True
SYN-00740,paper,Improved froth flotation and magnetic separation process for beneficiation of rare earth ore,This paper describes a froth flotation and magnetic separation process for beneficiation of rare earth ore. Results indicate higher recovery and lower energy use than conventional routes.,IIT Bombay,2018,Published,,SYNTHETIC-DEMO,True
SYN-00741,patent,Energy-efficient froth flotation and magnetic separation process for beneficiation of rare earth ore,This patent describes a froth flotation and magnetic separation process for beneficiation of rare earth ore. Results indicate higher recovery and lower energy use than conventional routes.,IIT Bombay,2017,Published,,SYNTHETIC-DEMO,True
SYN-00742,patent,Low-cost open-pit mining planning method for vanadium ore bodies,This patent describes a open-pit mining planning method for vanadium ore bodies. Results indicate higher recovery and lower energy use than conventional routes.,IIT Kharagpur,2019,Published,,SYNTHETIC-DEMO,True
SYN-00743,patent,Energy-efficient hydrometallurgy route using acid leaching and solvent extraction for nickel refining,This patent describes a hydrometallurgy route using acid leaching and solvent extraction for nickel refining. Results indicate higher recovery and lower energy use than conventional routes.,NFTDC,2022,Under examination,,SYNTHETIC-DEMO,True
SYN-00744,patent,Low-cost cobalt alloy and cathode materials for battery and magnet applications,This patent describes a cobalt alloy and cathode materials for battery and magnet applications. Results indicate higher recovery and lower energy use than conventional routes.,IIT Madras,2021,Published,,SYNTHETIC-DEMO,True
SYN-00745,paper,Novel lithium alloy and cathode materials for battery and magnet applications,This paper describes a lithium alloy and cathode materials for battery and magnet applications. Results indicate higher recovery and lower energy use than conventional routes.,IISc Bangalore,2025,Published,,SYNTHETIC-DEMO,True
SYN-00746,patent,Improved graphite alloy and cathode materials for battery and magnet applications,This patent describes a graphite alloy and cathode materials for battery and magnet applications. Results indicate higher recovery and lower energy use than conventional routes.,CSIR-NML,2014,Under examination,,SYNTHETIC-DEMO,True
SYN-00747,patent,Improved open-pit mining planning method for nickel ore bodies,This patent describes a open-pit mining planning method for nickel ore bodies. Results indicate higher recovery and lower energy use than conventional routes.,IIT Bombay,2014,Abandoned,,SYNTHETIC-DEMO,True
SYN-00748,patent,Scalable recycling process for cobalt recovery from spent batteries and e-waste,This patent describes a recycling process for cobalt recovery from spent batteries and e-waste. Results indicate higher recovery and lower energy use than conventional routes.,IISc Bangalore,2017,Published,,SYNTHETIC-DEMO,True
SYN-00749,patent,Improved froth flotation and magnetic separation process for beneficiation of graphite ore,This patent describes a froth flotation and magnetic separation process for beneficiation of graphite ore. Results indicate higher recovery and lower energy use than conventional routes.,BARC,2020,Under examination,,SYNTHETIC-DEMO,True
SYN-00750,patent,Improved lithium alloy and cathode materials for battery and magnet applications,This patent describes a lithium alloy and cathode materials for battery and magnet applications. Results indicate higher recovery and lower energy use than conventional routes.,IISc Bangalore,2017,Under examination,,SYNTHETIC-DEMO,True
SYN-00751,patent,Energy-efficient froth flotation and magnetic separation process for beneficiation of nickel ore,This patent describes a froth flotation and magnetic separation process for beneficiation of nickel ore. Results indicate higher recovery and lower energy use than conventional routes.,NMDC R&D Centre,2017,Granted,,SYNTHETIC-DEMO,True
SYN-00752,patent,Low-cost lithium alloy and cathode materials for battery and magnet applications,This patent describes a lithium alloy and cathode materials for battery and magnet applications. Results indicate higher recovery and lower energy use than conventional routes.,IIT Madras,2019,Published,,SYNTHETIC-DEMO,True
SYN-00753,patent,Selective geochemical survey and remote sensing approach for cobalt exploration,This patent describes a geochemical survey and remote sensing approach for cobalt exploration. Results indicate higher recovery and lower energy use than conventional routes.,IIT Madras,2023,Published,,SYNTHETIC-DEMO,True
SYN-00754,paper,Low-cost froth flotation and magnetic separation process for beneficiation of cobalt ore,This paper describes a froth flotation and magnetic separation process for beneficiation of cobalt ore. Results indicate higher recovery and lower energy use than conventional routes.,BARC,2019,Published,,SYNTHETIC-DEMO,True
SYN-00755,paper,Improved nickel alloy and cathode materials for battery and magnet applications,This paper describes a nickel alloy and cathode materials for battery and magnet applications. Results indicate higher recovery and lower energy use than conventional routes.,IISc Bangalore,2020,Published,,SYNTHETIC-DEMO,True
SYN-00756,patent,Selective geochemical survey and remote sensing approach for cobalt exploration,This patent describes a geochemical survey and remote sensing approach for cobalt exploration. Results indicate higher recovery and lower energy use than conventional routes.,KABIL,2023,Published,,SYNTHETIC-DEMO,True
SYN-00757,patent,Selective recycling process for nickel recovery from spent batteries and e-waste,This patent describes a recycling process for nickel recovery from spent batteries and e-waste. Results indicate higher recovery and lower energy use than conventional routes.,CSIR-IMMT,2022,Published,,SYNTHETIC-DEMO,True
SYN-00758,paper,Selective vanadium alloy and cathode materials for battery and magnet applications,This paper describes a vanadium alloy and cathode materials for battery and magnet applications. Results indicate higher recovery and lower energy use than conventional routes.,NFTDC,2020,Published,,SYNTHETIC-DEMO,True
SYN-00759,project,Low-cost lithium alloy and cathode materials for battery and magnet applications,This project describes a lithium alloy and cathode materials for battery and magnet applications. Results indicate higher recovery and lower energy use than conventional routes.,IIT Madras,2020,Ongoing,,SYNTHETIC-DEMO,True
SYN-00760,paper,Novel rare earth alloy and cathode materials for battery and magnet applications,This paper describes a rare earth alloy and cathode materials for battery and magnet applications. Results indicate higher recovery and lower energy use than conventional routes.,IIT Bombay,2022,Published,,SYNTHETIC-DEMO,True
SYN-00761,paper,Selective open-pit mining planning method for graphite ore bodies,This paper describes a open-pit mining planning method for graphite ore bodies. Results indicate higher recovery and lower energy use than conventional routes.,CSIR-NML,2015,Published,,SYNTHETIC-DEMO,True
SYN-00762,paper,Scalable froth flotation and magnetic separation process for beneficiation of rare earth ore,This paper describes a froth flotation and magnetic separation process for beneficiation of rare earth ore. Results indicate higher recovery and lower energy use than conventional routes.,IREL,2015,Published,,SYNTHETIC-DEMO,True
SYN-00763,paper,Novel hydrometallurgy route using acid leaching and solvent extraction for graphite refining,This paper describes a hydrometallurgy route using acid leaching and solvent extraction for graphite refining. Results indicate higher recovery and lower energy use than conventional routes.,CSIR-NML,2025,Published,,SYNTHETIC-DEMO,True
SYN-00764,patent,Improved geochemical survey and remote sensing approach for lithium exploration,This patent describes a geochemical survey and remote sensing approach for lithium exploration. Results indicate higher recovery and lower energy use than conventional routes.,IIT Bombay,2022,Granted,,SYNTHETIC-DEMO,True
SYN-00765,project,Improved graphite alloy and cathode materials for battery and magnet applications,This project describes a graphite alloy and cathode materials for battery and magnet applications. Results indicate higher recovery and lower energy use than conventional routes.,IIT Kharagpur,2012,Completed,,SYNTHETIC-DEMO,True
SYN-00766,patent,Scalable hydrometallurgy route using acid leaching and solvent extraction for vanadium refining,This patent describes a hydrometallurgy route using acid leaching and solvent extraction for vanadium refining. Results indicate higher recovery and lower energy use than conventional routes.,NFTDC,2018,Under examination,,SYNTHETIC-DEMO,True
SYN-00767,patent,Energy-efficient hydrometallurgy route using acid leaching and solvent extraction for lithium refining,This patent describes a hydrometallurgy route using acid leaching and solvent extraction for lithium refining. Results indicate higher recovery and lower energy use than conventional routes.,KABIL,2015,Granted,,SYNTHETIC-DEMO,True
SYN-00768,paper,Selective geochemical survey and remote sensing approach for lithium exploration,This paper describes a geochemical survey and remote sensing approach for lithium exploration. Results indicate higher recovery and lower energy use than conventional routes.,KABIL,2017,Published,,SYNTHETIC-DEMO,True
SYN-00769,patent,Scalable hydrometallurgy route using acid leaching and solvent extraction for lithium refining,This patent describes a hydrometallurgy route using acid leaching and solvent extraction for lithium refining. Results indicate higher recovery and lower energy use than conventional routes.,IIT Kharagpur,2024,Under examination,,SYNTHETIC-DEMO,True
SYN-00770,paper,Improved graphite alloy and cathode materials for battery and magnet applications,This paper describes a graphite alloy and cathode materials for battery and magnet applications. Results indicate higher recovery and lower energy use than conventional routes.,IIT Kharagpur,2020,Published,,SYNTHETIC-DEMO,True
SYN-00771,patent,Selective lithium alloy and cathode materials for battery and magnet applications,This patent describes a lithium alloy and cathode materials for battery and magnet applications. Results indicate higher recovery and lower energy use than conventional routes.,IREL,2023,Under examination,,SYNTHETIC-DEMO,True
SYN-00772,patent,Scalable geochemical survey and remote sensing approach for lithium exploration,This patent describes a geochemical survey and remote sensing approach for lithium exploration. Results indicate higher recovery and lower energy use than conventional routes.,IIT (ISM) Dhanbad,2012,Published,,SYNTHETIC-DEMO,True
SYN-00773,paper,Low-cost open-pit mining planning method for nickel ore bodies,This paper describes a open-pit mining planning method for nickel ore bodies. Results indicate higher recovery and lower energy use than conventional routes.,IIT Madras,2024,Published,,SYNTHETIC-DEMO,True
SYN-00774,paper,Low-cost open-pit mining planning method for nickel ore bodies,This paper describes a open-pit mining planning method for nickel ore bodies. Results indicate higher recovery and lower energy use than conventional routes.,NMDC R&D Centre,2022,Published,,SYNTHETIC-DEMO,True
SYN-00775,patent,Scalable hydrometallurgy route using acid leaching and solvent extraction for rare earth refining,This patent describes a hydrometallurgy route using acid leaching and solvent extraction for rare earth refining. Results indicate higher recovery and lower energy use than conventional routes.,CSIR-IMMT,2016,Abandoned,,SYNTHETIC-DEMO,True
SYN-00776,paper,Scalable hydrometallurgy route using acid leaching and solvent extraction for nickel refining,This paper describes a hydrometallurgy route using acid leaching and solvent extraction for nickel refining. Results indicate higher recovery and lower energy use than conventional routes.,CSIR-IMMT,2025,Published,,SYNTHETIC-DEMO,True
SYN-00777,project,Improved hydrometallurgy route using acid leaching and solvent extraction for cobalt refining,This project describes a hydrometallurgy route using acid leaching and solvent extraction for cobalt refining. Results indicate higher recovery and lower energy use than conventional routes.,IIT Bombay,2020,Completed,,SYNTHETIC-DEMO,True
SYN-00778,patent,Improved geochemical survey and remote sensing approach for nickel exploration,This patent describes a geochemical survey and remote sensing approach for nickel exploration. Results indicate higher recovery and lower energy use than conventional routes.,CSIR-IMMT,2023,Under examination,,SYNTHETIC-DEMO,True
SYN-00779,patent,Scalable hydrometallurgy route using acid leaching and solvent extraction for graphite refining,This patent describes a hydrometallurgy route using acid leaching and solvent extraction for graphite refining. Results indicate higher recovery and lower energy use than conventional routes.,NFTDC,2023,Under examination,,SYNTHETIC-DEMO,True
SYN-00780,patent,Improved open-pit mining planning method for nickel ore bodies,This patent describes a open-pit mining planning method for nickel ore bodies. Results indicate higher recovery and lower energy use than conventional routes.,NMDC R&D Centre,2012,Published,,SYNTHETIC-DEMO,True
SYN-00781,patent,Selective open-pit mining planning method for rare earth ore bodies,This patent describes a open-pit mining planning method for rare earth ore bodies. Results indicate higher recovery and lower energy use than conventional routes.,BARC,2023,Published,,SYNTHETIC-DEMO,True
SYN-00782,patent,Novel hydrometallurgy route using acid leaching and solvent extraction for nickel refining,This patent describes a hydrometallurgy route using acid leaching and solvent extraction for nickel refining. Results indicate higher recovery and lower energy use than conventional routes.,KABIL,2019,Granted,,SYNTHETIC-DEMO,True
SYN-00783,patent,Selective hydrometallurgy route using acid leaching and solvent extraction for cobalt refining,This patent describes a hydrometallurgy route using acid leaching and solvent extraction for cobalt refining. Results indicate higher recovery and lower energy use than conventional routes.,IISc Bangalore,2016,Published,,SYNTHETIC-DEMO,True
SYN-00784,paper,Improved cobalt alloy and cathode materials for battery and magnet applications,This paper describes a cobalt alloy and cathode materials for battery and magnet applications. Results indicate higher recovery and lower energy use than conventional routes.,IISc Bangalore,2021,Published,,SYNTHETIC-DEMO,True
SYN-00785,project,Scalable hydrometallurgy route using acid leaching and solvent extraction for nickel refining,This project describes a hydrometallurgy route using acid leaching and solvent extraction for nickel refining. Results indicate higher recovery and lower energy use than conventional routes.,NFTDC,2024,Completed,,SYNTHETIC-DEMO,True
SYN-00786,patent,Improved graphite alloy and cathode materials for battery and magnet applications,This patent describes a graphite alloy and cathode materials for battery and magnet applications. Results indicate higher recovery and lower energy use than conventional routes.,IIT (ISM) Dhanbad,2019,Published,,SYNTHETIC-DEMO,True
SYN-00787,paper,Energy-efficient froth flotation and magnetic separation process for beneficiation of rare earth ore,This paper describes a froth flotation and magnetic separation process for beneficiation of rare earth ore. Results indicate higher recovery and lower energy use than conventional routes.,BARC,2016,Published,,SYNTHETIC-DEMO,True
SYN-00788,patent,Improved open-pit mining planning method for rare earth ore bodies,This patent describes a open-pit mining planning method for rare earth ore bodies. Results indicate higher recovery and lower energy use than conventional routes.,IIT Kharagpur,2012,Under examination,,SYNTHETIC-DEMO,True
SYN-00789,paper,Energy-efficient geochemical survey and remote sensing approach for rare earth exploration,This paper describes a geochemical survey and remote sensing approach for rare earth exploration. Results indicate higher recovery and lower energy use than conventional routes.,KABIL,2019,Published,,SYNTHETIC-DEMO,True
SYN-00790,patent,Energy-efficient froth flotation and magnetic separation process for beneficiation of rare earth ore,This patent describes a froth flotation and magnetic separation process for beneficiation of rare earth ore. Results indicate higher recovery and lower energy use than conventional routes.,CSIR-IMMT,2020,Abandoned,,SYNTHETIC-DEMO,True
SYN-00791,patent,Low-cost hydrometallurgy route using acid leaching and solvent extraction for cobalt refining,This patent describes a hydrometallurgy route using acid leaching and solvent extraction for cobalt refining. Results indicate higher recovery and lower energy use than conventional routes.,NFTDC,2014,Published,,SYNTHETIC-DEMO,True
SYN-00792,patent,Selective hydrometallurgy route using acid leaching and solvent extraction for rare earth refining,This patent describes a hydrometallurgy route using acid leaching and solvent extraction for rare earth refining. Results indicate higher recovery and lower energy use than conventional routes.,IISc Bangalore,2016,Published,,SYNTHETIC-DEMO,True
SYN-00793,patent,Novel hydrometallurgy route using acid leaching and solvent extraction for cobalt refining,This patent describes a hydrometallurgy route using acid leaching and solvent extraction for cobalt refining. Results indicate higher recovery and lower energy use than conventional routes.,NFTDC,2024,Abandoned,,SYNTHETIC-DEMO,True
SYN-00794,paper,Low-cost graphite alloy and cathode materials for battery and magnet applications,This paper describes a graphite alloy and cathode materials for battery and magnet applications. Results indicate higher recovery and lower energy use than conventional routes.,CSIR-IMMT,2023,Published,,SYNTHETIC-DEMO,True
SYN-00795,patent,Improved nickel alloy and cathode materials for battery and magnet applications,This patent describes a nickel alloy and cathode materials for battery and magnet applications. Results indicate higher recovery and lower energy use than conventional routes.,KABIL,2013,Published,,SYNTHETIC-DEMO,True
SYN-00796,paper,Improved hydrometallurgy route using acid leaching and solvent extraction for nickel refining,This paper describes a hydrometallurgy route using acid leaching and solvent extraction for nickel refining. Results indicate higher recovery and lower energy use than conventional routes.,IISc Bangalore,2018,Published,,SYNTHETIC-DEMO,True
SYN-00797,paper,Novel recycling process for cobalt recovery from spent batteries and e-waste,This paper describes a recycling process for cobalt recovery from spent batteries and e-waste. Results indicate higher recovery and lower energy use than conventional routes.,BARC,2022,Published,,SYNTHETIC-DEMO,True
SYN-00798,paper,Novel hydrometallurgy route using acid leaching and solvent extraction for rare earth refining,This paper describes a hydrometallurgy route using acid leaching and solvent extraction for rare earth refining. Results indicate higher recovery and lower energy use than conventional routes.,CSIR-IMMT,2022,Published,,SYNTHETIC-DEMO,True
SYN-00799,paper,Improved hydrometallurgy route using acid leaching and solvent extraction for nickel refining,This paper describes a hydrometallurgy route using acid leaching and solvent extraction for nickel refining. Results indicate higher recovery and lower energy use than conventional routes.,IISc Bangalore,2016,Published,,SYNTHETIC-DEMO,True
SYN-00800,project,Scalable froth flotation and magnetic separation process for beneficiation of lithium ore,This project describes a froth flotation and magnetic separation process for beneficiation of lithium ore. Results indicate higher recovery and lower energy use than conventional routes.,IIT Bombay,2020,Ongoing,,SYNTHETIC-DEMO,True
SYN-00801,patent,Novel rare earth alloy and cathode materials for battery and magnet applications,This patent describes a rare earth alloy and cathode materials for battery and magnet applications. Results indicate higher recovery and lower energy use than conventional routes.,NFTDC,2024,Under examination,,SYNTHETIC-DEMO,True
SYN-00802,patent,Novel open-pit mining planning method for vanadium ore bodies,This patent describes a open-pit mining planning method for vanadium ore bodies. Results indicate higher recovery and lower energy use than conventional routes.,NMDC R&D Centre,2020,Published,,SYNTHETIC-DEMO,True
SYN-00803,paper,Selective hydrometallurgy route using acid leaching and solvent extraction for lithium refining,This paper describes a hydrometallurgy route using acid leaching and solvent extraction for lithium refining. Results indicate higher recovery and lower energy use than conventional routes.,NFTDC,2016,Published,,SYNTHETIC-DEMO,True
SYN-00804,project,Scalable rare earth alloy and cathode materials for battery and magnet applications,This project describes a rare earth alloy and cathode materials for battery and magnet applications. Results indicate higher recovery and lower energy use than conventional routes.,NMDC R&D Centre,2020,Ongoing,,SYNTHETIC-DEMO,True
SYN-00805,paper,Improved recycling process for rare earth recovery from spent batteries and e-waste,This paper describes a recycling process for rare earth recovery from spent batteries and e-waste. Results indicate higher recovery and lower energy use than conventional routes.,KABIL,2021,Published,,SYNTHETIC-DEMO,True
SYN-00806,project,Scalable hydrometallurgy route using acid leaching and solvent extraction for rare earth refining,This project describes a hydrometallurgy route using acid leaching and solvent extraction for rare earth refining. Results indicate higher recovery and lower energy use than conventional routes.,NFTDC,2019,Ongoing,,SYNTHETIC-DEMO,True
SYN-00807,project,Energy-efficient graphite alloy and cathode materials for battery and magnet applications,This project describes a graphite alloy and cathode materials for battery and magnet applications. Results indicate higher recovery and lower energy use than conventional routes.,IIT Kharagpur,2023,Completed,,SYNTHETIC-DEMO,True
SYN-00808,paper,Scalable lithium alloy and cathode materials for battery and magnet applications,This paper describes a lithium alloy and cathode materials for battery and magnet applications. Results indicate higher recovery and lower energy use than conventional routes.,IIT (ISM) Dhanbad,2023,Published,,SYNTHETIC-DEMO,True
SYN-00809,patent,Energy-efficient hydrometallurgy route using acid leaching and solvent extraction for nickel refining,This patent describes a hydrometallurgy route using acid leaching and solvent extraction for nickel refining. Results indicate higher recovery and lower energy use than conventional routes.,CSIR-NML,2021,Under examination,,SYNTHETIC-DEMO,True
SYN-00810,paper,Low-cost geochemical survey and remote sensing approach for rare earth exploration,This paper describes a geochemical survey and remote sensing approach for rare earth exploration. Results indicate higher recovery and lower energy use than conventional routes.,KABIL,2016,Published,,SYNTHETIC-DEMO,True
SYN-00811,paper,Selective open-pit mining planning method for lithium ore bodies,This paper describes a open-pit mining planning method for lithium ore bodies. Results indicate higher recovery and lower energy use than conventional routes.,IIT Bombay,2023,Published,,SYNTHETIC-DEMO,True
SYN-00812,patent,Scalable hydrometallurgy route using acid leaching and solvent extraction for cobalt refining,This patent describes a hydrometallurgy route using acid leaching and solvent extraction for cobalt refining. Results indicate higher recovery and lower energy use than conventional routes.,NMDC R&D Centre,2015,Granted,,SYNTHETIC-DEMO,True
SYN-00813,paper,Scalable froth flotation and magnetic separation process for beneficiation of graphite ore,This paper describes a froth flotation and magnetic separation process for beneficiation of graphite ore. Results indicate higher recovery and lower energy use than conventional routes.,NMDC R&D Centre,2013,Published,,SYNTHETIC-DEMO,True
SYN-00814,patent,Low-cost lithium alloy and cathode materials for battery and magnet applications,This patent describes a lithium alloy and cathode materials for battery and magnet applications. Results indicate higher recovery and lower energy use than conventional routes.,IIT Madras,2022,Published,,SYNTHETIC-DEMO,True
SYN-00815,patent,Selective geochemical survey and remote sensing approach for rare earth exploration,This patent describes a geochemical survey and remote sensing approach for rare earth exploration. Results indicate higher recovery and lower energy use than conventional routes.,KABIL,2020,Under examination,,SYNTHETIC-DEMO,True
SYN-00816,patent,Novel open-pit mining planning method for vanadium ore bodies,This patent describes a open-pit mining planning method for vanadium ore bodies. Results indicate higher recovery and lower energy use than conventional routes.,CSIR-NML,2024,Under examination,,SYNTHETIC-DEMO,True
SYN-00817,paper,Low-cost lithium alloy and cathode materials for battery and magnet applications,This paper describes a lithium alloy and cathode materials for battery and magnet applications. Results indicate higher recovery and lower energy use than conventional routes.,IISc Bangalore,2018,Published,,SYNTHETIC-DEMO,True
SYN-00818,paper,Scalable hydrometallurgy route using acid leaching and solvent extraction for cobalt refining,This paper describes a hydrometallurgy route using acid leaching and solvent extraction for cobalt refining. Results indicate higher recovery and lower energy use than conventional routes.,KABIL,2020,Published,,SYNTHETIC-DEMO,True
SYN-00819,patent,Novel geochemical survey and remote sensing approach for rare earth exploration,This patent describes a geochemical survey and remote sensing approach for rare earth exploration. Results indicate higher recovery and lower energy use than conventional routes.,CSIR-NML,2020,Published,,SYNTHETIC-DEMO,True
SYN-00820,patent,Novel froth flotation and magnetic separation process for beneficiation of nickel ore,This patent describes a froth flotation and magnetic separation process for beneficiation of nickel ore. Results indicate higher recovery and lower energy use than conventional routes.,IIT Kharagpur,2017,Published,,SYNTHETIC-DEMO,True
SYN-00821,paper,Scalable rare earth alloy and cathode materials for battery and magnet applications,This paper describes a rare earth alloy and cathode materials for battery and magnet applications. Results indicate higher recovery and lower energy use than conventional routes.,NMDC R&D Centre,2018,Published,,SYNTHETIC-DEMO,True
SYN-00822,paper,Selective geochemical survey and remote sensing approach for lithium exploration,This paper describes a geochemical survey and remote sensing approach for lithium exploration. Results indicate higher recovery and lower energy use than conventional routes.,CSIR-NML,2022,Published,,SYNTHETIC-DEMO,True
SYN-00823,paper,Low-cost hydrometallurgy route using acid leaching and solvent extraction for rare earth refining,This paper describes a hydrometallurgy route using acid leaching and solvent extraction for rare earth refining. Results indicate higher recovery and lower energy use than conventional routes.,NFTDC,2014,Published,,SYNTHETIC-DEMO,True
SYN-00824,paper,Novel cobalt alloy and cathode materials for battery and magnet applications,This paper describes a cobalt alloy and cathode materials for battery and magnet applications. Results indicate higher recovery and lower energy use than conventional routes.,IIT Madras,2023,Published,,SYNTHETIC-DEMO,True
SYN-00825,patent,Scalable open-pit mining planning method for rare earth ore bodies,This patent describes a open-pit mining planning method for rare earth ore bodies. Results indicate higher recovery and lower energy use than conventional routes.,IIT Kharagpur,2015,Published,,SYNTHETIC-DEMO,True
SYN-00826,patent,Energy-efficient geochemical survey and remote sensing approach for graphite exploration,This patent describes a geochemical survey and remote sensing approach for graphite exploration. Results indicate higher recovery and lower energy use than conventional routes.,KABIL,2023,Published,,SYNTHETIC-DEMO,True
SYN-00827,patent,Scalable geochemical survey and remote sensing approach for nickel exploration,This patent describes a geochemical survey and remote sensing approach for nickel exploration. Results indicate higher recovery and lower energy use than conventional routes.,IIT (ISM) Dhanbad,2021,Abandoned,,SYNTHETIC-DEMO,True
SYN-00828,patent,Selective hydrometallurgy route using acid leaching and solvent extraction for cobalt refining,This patent describes a hydrometallurgy route using acid leaching and solvent extraction for cobalt refining. Results indicate higher recovery and lower energy use than conventional routes.,NFTDC,2019,Granted,,SYNTHETIC-DEMO,True
SYN-00829,paper,Low-cost open-pit mining planning method for rare earth ore bodies,This paper describes a open-pit mining planning method for rare earth ore bodies. Results indicate higher recovery and lower energy use than conventional routes.,IIT Madras,2017,Published,,SYNTHETIC-DEMO,True
SYN-00830,patent,Scalable hydrometallurgy route using acid leaching and solvent extraction for graphite refining,This patent describes a hydrometallurgy route using acid leaching and solvent extraction for graphite refining. Results indicate higher recovery and lower energy use than conventional routes.,IISc Bangalore,2022,Under examination,,SYNTHETIC-DEMO,True
SYN-00831,patent,Energy-efficient hydrometallurgy route using acid leaching and solvent extraction for vanadium refining,This patent describes a hydrometallurgy route using acid leaching and solvent extraction for vanadium refining. Results indicate higher recovery and lower energy use than conventional routes.,CSIR-NML,2022,Published,,SYNTHETIC-DEMO,True
SYN-00832,project,Energy-efficient froth flotation and magnetic separation process for beneficiation of lithium ore,This project describes a froth flotation and magnetic separation process for beneficiation of lithium ore. Results indicate higher recovery and lower energy use than conventional routes.,IIT Bombay,2018,Completed,,SYNTHETIC-DEMO,True
SYN-00833,project,Energy-efficient rare earth alloy and cathode materials for battery and magnet applications,This project describes a rare earth alloy and cathode materials for battery and magnet applications. Results indicate higher recovery and lower energy use than conventional routes.,IIT Kharagpur,2015,Ongoing,,SYNTHETIC-DEMO,True
SYN-00834,patent,Selective hydrometallurgy route using acid leaching and solvent extraction for lithium refining,This patent describes a hydrometallurgy route using acid leaching and solvent extraction for lithium refining. Results indicate higher recovery and lower energy use than conventional routes.,IIT Bombay,2023,Published,,SYNTHETIC-DEMO,True
SYN-00835,patent,Scalable froth flotation and magnetic separation process for beneficiation of cobalt ore,This patent describes a froth flotation and magnetic separation process for beneficiation of cobalt ore. Results indicate higher recovery and lower energy use than conventional routes.,CSIR-IMMT,2023,Published,,SYNTHETIC-DEMO,True
SYN-00836,patent,Energy-efficient lithium alloy and cathode materials for battery and magnet applications,This patent describes a lithium alloy and cathode materials for battery and magnet applications. Results indicate higher recovery and lower energy use than conventional routes.,IIT Kharagpur,2017,Granted,,SYNTHETIC-DEMO,True
SYN-00837,patent,Improved lithium alloy and cathode materials for battery and magnet applications,This patent describes a lithium alloy and cathode materials for battery and magnet applications. Results indicate higher recovery and lower energy use than conventional routes.,IIT (ISM) Dhanbad,2025,Published,,SYNTHETIC-DEMO,True
SYN-00838,patent,Selective froth flotation and magnetic separation process for beneficiation of nickel ore,This patent describes a froth flotation and magnetic separation process for beneficiation of nickel ore. Results indicate higher recovery and lower energy use than conventional routes.,BARC,2025,Published,,SYNTHETIC-DEMO,True
SYN-00839,patent,Scalable froth flotation and magnetic separation process for beneficiation of vanadium ore,This patent describes a froth flotation and magnetic separation process for beneficiation of vanadium ore. Results indicate higher recovery and lower energy use than conventional routes.,BARC,2025,Under examination,,SYNTHETIC-DEMO,True
SYN-00840,patent,Scalable graphite alloy and cathode materials for battery and magnet applications,This patent describes a graphite alloy and cathode materials for battery and magnet applications. Results indicate higher recovery and lower energy use than conventional routes.,CSIR-NML,2024,Published,,SYNTHETIC-DEMO,True
SYN-00841,patent,Low-cost hydrometallurgy route using acid leaching and solvent extraction for rare earth refining,This patent describes a hydrometallurgy route using acid leaching and solvent extraction for rare earth refining. Results indicate higher recovery and lower energy use than conventional routes.,NFTDC,2023,Under examination,,SYNTHETIC-DEMO,True
SYN-00842,patent,Novel nickel alloy and cathode materials for battery and magnet applications,This patent describes a nickel alloy and cathode materials for battery and magnet applications. Results indicate higher recovery and lower energy use than conventional routes.,IIT Madras,2016,Granted,,SYNTHETIC-DEMO,True
SYN-00843,patent,Novel lithium alloy and cathode materials for battery and magnet applications,This patent describes a lithium alloy and cathode materials for battery and magnet applications. Results indicate higher recovery and lower energy use than conventional routes.,IIT (ISM) Dhanbad,2022,Under examination,,SYNTHETIC-DEMO,True
SYN-00844,paper,Scalable lithium alloy and cathode materials for battery and magnet applications,This paper describes a lithium alloy and cathode materials for battery and magnet applications. Results indicate higher recovery and lower energy use than conventional routes.,KABIL,2016,Published,,SYNTHETIC-DEMO,True
SYN-00845,paper,Improved froth flotation and magnetic separation process for beneficiation of nickel ore,This paper describes a froth flotation and magnetic separation process for beneficiation of nickel ore. Results indicate higher recovery and lower energy use than conventional routes.,BARC,2016,Published,,SYNTHETIC-DEMO,True
SYN-00846,patent,Improved nickel alloy and cathode materials for battery and magnet applications,This patent describes a nickel alloy and cathode materials for battery and magnet applications. Results indicate higher recovery and lower energy use than conventional routes.,IIT Madras,2020,Granted,,SYNTHETIC-DEMO,True
SYN-00847,project,Novel hydrometallurgy route using acid leaching and solvent extraction for cobalt refining,This project describes a hydrometallurgy route using acid leaching and solvent extraction for cobalt refining. Results indicate higher recovery and lower energy use than conventional routes.,NFTDC,2019,Ongoing,,SYNTHETIC-DEMO,True
SYN-00848,patent,Selective hydrometallurgy route using acid leaching and solvent extraction for lithium refining,This patent describes a hydrometallurgy route using acid leaching and solvent extraction for lithium refining. Results indicate higher recovery and lower energy use than conventional routes.,KABIL,2024,Published,,SYNTHETIC-DEMO,True
SYN-00849,patent,Improved lithium alloy and cathode materials for battery and magnet applications,This patent describes a lithium alloy and cathode materials for battery and magnet applications. Results indicate higher recovery and lower energy use than conventional routes.,IIT (ISM) Dhanbad,2022,Published,,SYNTHETIC-DEMO,True
SYN-00850,patent,Selective hydrometallurgy route using acid leaching and solvent extraction for graphite refining,This patent describes a hydrometallurgy route using acid leaching and solvent extraction for graphite refining. Results indicate higher recovery and lower energy use than conventional routes.,NFTDC,2025,Under examination,,SYNTHETIC-DEMO,True
SYN-00851,patent,Energy-efficient hydrometallurgy route using acid leaching and solvent extraction for lithium refining,This patent describes a hydrometallurgy route using acid leaching and solvent extraction for lithium refining. Results indicate higher recovery and lower energy use than conventional routes.,IISc Bangalore,2022,Granted,,SYNTHETIC-DEMO,True
SYN-00852,patent,Selective hydrometallurgy route using acid leaching and solvent extraction for lithium refining,This patent describes a hydrometallurgy route using acid leaching and solvent extraction for lithium refining. Results indicate higher recovery and lower energy use than conventional routes.,NFTDC,2018,Published,,SYNTHETIC-DEMO,True
SYN-00853,project,Selective recycling process for nickel recovery from spent batteries and e-waste,This project describes a recycling process for nickel recovery from spent batteries and e-waste. Results indicate higher recovery and lower energy use than conventional routes.,NMDC R&D Centre,2017,Completed,,SYNTHETIC-DEMO,True
SYN-00854,patent,Scalable geochemical survey and remote sensing approach for nickel exploration,This patent describes a geochemical survey and remote sensing approach for nickel exploration. Results indicate higher recovery and lower energy use than conventional routes.,KABIL,2018,Under examination,,SYNTHETIC-DEMO,True
SYN-00855,paper,Improved froth flotation and magnetic separation process for beneficiation of lithium ore,This paper describes a froth flotation and magnetic separation process for beneficiation of lithium ore. Results indicate higher recovery and lower energy use than conventional routes.,BARC,2022,Published,,SYNTHETIC-DEMO,True
SYN-00856,project,Low-cost froth flotation and magnetic separation process for beneficiation of rare earth ore,This project describes a froth flotation and magnetic separation process for beneficiation of rare earth ore. Results indicate higher recovery and lower energy use than conventional routes.,BARC,2013,Ongoing,,SYNTHETIC-DEMO,True
SYN-00857,project,Improved hydrometallurgy route using acid leaching and solvent extraction for nickel refining,This project describes a hydrometallurgy route using acid leaching and solvent extraction for nickel refining. Results indicate higher recovery and lower energy use than conventional routes.,CSIR-IMMT,2019,Ongoing,,SYNTHETIC-DEMO,True
SYN-00858,project,Scalable lithium alloy and cathode materials for battery and magnet applications,This project describes a lithium alloy and cathode materials for battery and magnet applications. Results indicate higher recovery and lower energy use than conventional routes.,IIT Madras,2025,Ongoing,,SYNTHETIC-DEMO,True
SYN-00859,project,Scalable hydrometallurgy route using acid leaching and solvent extraction for vanadium refining,This project describes a hydrometallurgy route using acid leaching and solvent extraction for vanadium refining. Results indicate higher recovery and lower energy use than conventional routes.,IISc Bangalore,2023,Ongoing,,SYNTHETIC-DEMO,True
SYN-00860,patent,Improved recycling process for nickel recovery from spent batteries and e-waste,This patent describes a recycling process for nickel recovery from spent batteries and e-waste. Results indicate higher recovery and lower energy use than conventional routes.,IREL,2022,Under examination,,SYNTHETIC-DEMO,True
SYN-00861,patent,Novel hydrometallurgy route using acid leaching and solvent extraction for nickel refining,This patent describes a hydrometallurgy route using acid leaching and solvent extraction for nickel refining. Results indicate higher recovery and lower energy use than conventional routes.,CSIR-NML,2025,Published,,SYNTHETIC-DEMO,True
SYN-00862,paper,Selective froth flotation and magnetic separation process for beneficiation of rare earth ore,This paper describes a froth flotation and magnetic separation process for beneficiation of rare earth ore. Results indicate higher recovery and lower energy use than conventional routes.,BARC,2020,Published,,SYNTHETIC-DEMO,True
SYN-00863,paper,Improved geochemical survey and remote sensing approach for lithium exploration,This paper describes a geochemical survey and remote sensing approach for lithium exploration. Results indicate higher recovery and lower energy use than conventional routes.,IIT (ISM) Dhanbad,2025,Published,,SYNTHETIC-DEMO,True
SYN-00864,patent,Energy-efficient lithium alloy and cathode materials for battery and magnet applications,This patent describes a lithium alloy and cathode materials for battery and magnet applications. Results indicate higher recovery and lower energy use than conventional routes.,IIT (ISM) Dhanbad,2024,Published,,SYNTHETIC-DEMO,True
SYN-00865,paper,Scalable lithium alloy and cathode materials for battery and magnet applications,This paper describes a lithium alloy and cathode materials for battery and magnet applications. Results indicate higher recovery and lower energy use than conventional routes.,CSIR-IMMT,2025,Published,,SYNTHETIC-DEMO,True
SYN-00866,paper,Low-cost hydrometallurgy route using acid leaching and solvent extraction for cobalt refining,This paper describes a hydrometallurgy route using acid leaching and solvent extraction for cobalt refining. Results indicate higher recovery and lower energy use than conventional routes.,IIT Bombay,2020,Published,,SYNTHETIC-DEMO,True
SYN-00867,paper,Improved lithium alloy and cathode materials for battery and magnet applications,This paper describes a lithium alloy and cathode materials for battery and magnet applications. Results indicate higher recovery and lower energy use than conventional routes.,IIT Madras,2023,Published,,SYNTHETIC-DEMO,True
SYN-00868,patent,Low-cost hydrometallurgy route using acid leaching and solvent extraction for nickel refining,This patent describes a hydrometallurgy route using acid leaching and solvent extraction for nickel refining. Results indicate higher recovery and lower energy use than conventional routes.,NFTDC,2019,Under examination,,SYNTHETIC-DEMO,True
SYN-00869,paper,Improved recycling process for cobalt recovery from spent batteries and e-waste,This paper describes a recycling process for cobalt recovery from spent batteries and e-waste. Results indicate higher recovery and lower energy use than conventional routes.,IREL,2013,Published,,SYNTHETIC-DEMO,True
SYN-00870,patent,Selective hydrometallurgy route using acid leaching and solvent extraction for nickel refining,This patent describes a hydrometallurgy route using acid leaching and solvent extraction for nickel refining. Results indicate higher recovery and lower energy use than conventional routes.,IREL,2024,Abandoned,,SYNTHETIC-DEMO,True
SYN-00871,paper,Scalable cobalt alloy and cathode materials for battery and magnet applications,This paper describes a cobalt alloy and cathode materials for battery and magnet applications. Results indicate higher recovery and lower energy use than conventional routes.,IIT Madras,2016,Published,,SYNTHETIC-DEMO,True
SYN-00872,project,Selective lithium alloy and cathode materials for battery and magnet applications,This project describes a lithium alloy and cathode materials for battery and magnet applications. Results indicate higher recovery and lower energy use than conventional routes.,IISc Bangalore,2020,Ongoing,,SYNTHETIC-DEMO,True
SYN-00873,project,Improved lithium alloy and cathode materials for battery and magnet applications,This project describes a lithium alloy and cathode materials for battery and magnet applications. Results indicate higher recovery and lower energy use than conventional routes.,IIT Kharagpur,2025,Completed,,SYNTHETIC-DEMO,True
SYN-00874,patent,Scalable hydrometallurgy route using acid leaching and solvent extraction for graphite refining,This patent describes a hydrometallurgy route using acid leaching and solvent extraction for graphite refining. Results indicate higher recovery and lower energy use than conventional routes.,IIT Bombay,2019,Under examination,,SYNTHETIC-DEMO,True
SYN-00875,project,Scalable geochemical survey and remote sensing approach for nickel exploration,This project describes a geochemical survey and remote sensing approach for nickel exploration. Results indicate higher recovery and lower energy use than conventional routes.,KABIL,2012,Completed,,SYNTHETIC-DEMO,True
SYN-00876,patent,Selective froth flotation and magnetic separation process for beneficiation of nickel ore,This patent describes a froth flotation and magnetic separation process for beneficiation of nickel ore. Results indicate higher recovery and lower energy use than conventional routes.,BARC,2017,Published,,SYNTHETIC-DEMO,True
SYN-00877,paper,Novel hydrometallurgy route using acid leaching and solvent extraction for nickel refining,This paper describes a hydrometallurgy route using acid leaching and solvent extraction for nickel refining. Results indicate higher recovery and lower energy use than conventional routes.,NMDC R&D Centre,2025,Published,,SYNTHETIC-DEMO,True
SYN-00878,paper,Scalable lithium alloy and cathode materials for battery and magnet applications,This paper describes a lithium alloy and cathode materials for battery and magnet applications. Results indicate higher recovery and lower energy use than conventional routes.,IISc Bangalore,2022,Published,,SYNTHETIC-DEMO,True
SYN-00879,patent,Selective hydrometallurgy route using acid leaching and solvent extraction for vanadium refining,This patent describes a hydrometallurgy route using acid leaching and solvent extraction for vanadium refining. Results indicate higher recovery and lower energy use than conventional routes.,NFTDC,2022,Under examination,,SYNTHETIC-DEMO,True
SYN-00880,patent,Scalable hydrometallurgy route using acid leaching and solvent extraction for cobalt refining,This patent describes a hydrometallurgy route using acid leaching and solvent extraction for cobalt refining. Results indicate higher recovery and lower energy use than conventional routes.,IIT Bombay,2022,Granted,,SYNTHETIC-DEMO,True
SYN-00881,patent,Scalable lithium alloy and cathode materials for battery and magnet applications,This patent describes a lithium alloy and cathode materials for battery and magnet applications. Results indicate higher recovery and lower energy use than conventional routes.,IIT Madras,2022,Granted,,SYNTHETIC-DEMO,True
SYN-00882,paper,Scalable cobalt alloy and cathode materials for battery and magnet applications,This paper describes a cobalt alloy and cathode materials for battery and magnet applications. Results indicate higher recovery and lower energy use than conventional routes.,IIT Madras,2014,Published,,SYNTHETIC-DEMO,True
SYN-00883,patent,Novel lithium alloy and cathode materials for battery and magnet applications,This patent describes a lithium alloy and cathode materials for battery and magnet applications. Results indicate higher recovery and lower energy use than conventional routes.,IIT (ISM) Dhanbad,2021,Published,,SYNTHETIC-DEMO,True
SYN-00884,paper,Low-cost geochemical survey and remote sensing approach for vanadium exploration,This paper describes a geochemical survey and remote sensing approach for vanadium exploration. Results indicate higher recovery and lower energy use than conventional routes.,CSIR-IMMT,2014,Published,,SYNTHETIC-DEMO,True
SYN-00885,patent,Selective froth flotation and magnetic separation process for beneficiation of graphite ore,This patent describes a froth flotation and magnetic separation process for beneficiation of graphite ore. Results indicate higher recovery and lower energy use than conventional routes.,NMDC R&D Centre,2025,Published,,SYNTHETIC-DEMO,True
SYN-00886,patent,Low-cost hydrometallurgy route using acid leaching and solvent extraction for vanadium refining,This patent describes a hydrometallurgy route using acid leaching and solvent extraction for vanadium refining. Results indicate higher recovery and lower energy use than conventional routes.,NFTDC,2021,Granted,,SYNTHETIC-DEMO,True
SYN-00887,patent,Novel hydrometallurgy route using acid leaching and solvent extraction for vanadium refining,This patent describes a hydrometallurgy route using acid leaching and solvent extraction for vanadium refining. Results indicate higher recovery and lower energy use than conventional routes.,NFTDC,2025,Published,,SYNTHETIC-DEMO,True
SYN-00888,paper,Novel froth flotation and magnetic separation process for beneficiation of rare earth ore,This paper describes a froth flotation and magnetic separation process for beneficiation of rare earth ore. Results indicate higher recovery and lower energy use than conventional routes.,NMDC R&D Centre,2019,Published,,SYNTHETIC-DEMO,True
SYN-00889,patent,Improved nickel alloy and cathode materials for battery and magnet applications,This patent describes a nickel alloy and cathode materials for battery and magnet applications. Results indicate higher recovery and lower energy use than conventional routes.,IIT Kharagpur,2022,Published,,SYNTHETIC-DEMO,True
SYN-00890,patent,Scalable nickel alloy and cathode materials for battery and magnet applications,This patent describes a nickel alloy and cathode materials for battery and magnet applications. Results indicate higher recovery and lower energy use than conventional routes.,CSIR-NML,2020,Granted,,SYNTHETIC-DEMO,True
SYN-00891,project,Scalable froth flotation and magnetic separation process for beneficiation of nickel ore,This project describes a froth flotation and magnetic separation process for beneficiation of nickel ore. Results indicate higher recovery and lower energy use than conventional routes.,IREL,2022,Ongoing,,SYNTHETIC-DEMO,True
SYN-00892,project,Novel lithium alloy and cathode materials for battery and magnet applications,This project describes a lithium alloy and cathode materials for battery and magnet applications. Results indicate higher recovery and lower energy use than conventional routes.,IIT (ISM) Dhanbad,2022,Ongoing,,SYNTHETIC-DEMO,True
SYN-00893,paper,Novel froth flotation and magnetic separation process for beneficiation of nickel ore,This paper describes a froth flotation and magnetic separation process for beneficiation of nickel ore. Results indicate higher recovery and lower energy use than conventional routes.,CSIR-IMMT,2019,Published,,SYNTHETIC-DEMO,True
SYN-00894,paper,Selective lithium alloy and cathode materials for battery and magnet applications,This paper describes a lithium alloy and cathode materials for battery and magnet applications. Results indicate higher recovery and lower energy use than conventional routes.,IIT Kharagpur,2015,Published,,SYNTHETIC-DEMO,True
SYN-00895,project,Selective froth flotation and magnetic separation process for beneficiation of vanadium ore,This project describes a froth flotation and magnetic separation process for beneficiation of vanadium ore. Results indicate higher recovery and lower energy use than conventional routes.,IIT Kharagpur,2023,Completed,,SYNTHETIC-DEMO,True
SYN-00896,patent,Selective geochemical survey and remote sensing approach for nickel exploration,This patent describes a geochemical survey and remote sensing approach for nickel exploration. Results indicate higher recovery and lower energy use than conventional routes.,CSIR-NML,2025,Granted,,SYNTHETIC-DEMO,True
SYN-00897,patent,Selective hydrometallurgy route using acid leaching and solvent extraction for rare earth refining,This patent describes a hydrometallurgy route using acid leaching and solvent extraction for rare earth refining. Results indicate higher recovery and lower energy use than conventional routes.,IIT Bombay,2019,Under examination,,SYNTHETIC-DEMO,True
SYN-00898,patent,Energy-efficient hydrometallurgy route using acid leaching and solvent extraction for cobalt refining,This patent describes a hydrometallurgy route using acid leaching and solvent extraction for cobalt refining. Results indicate higher recovery and lower energy use than conventional routes.,NFTDC,2024,Granted,,SYNTHETIC-DEMO,True
SYN-00899,paper,Novel froth flotation and magnetic separation process for beneficiation of nickel ore,This paper describes a froth flotation and magnetic separation process for beneficiation of nickel ore. Results indicate higher recovery and lower energy use than conventional routes.,IIT Bombay,2014,Published,,SYNTHETIC-DEMO,True
SYN-00900,patent,Improved rare earth alloy and cathode materials for battery and magnet applications,This patent describes a rare earth alloy and cathode materials for battery and magnet applications. Results indicate higher recovery and lower energy use than conventional routes.,BARC,2021,Under examination,,SYNTHETIC-DEMO,True
